tempo_h,p_man,q_tr
"0,000000","4,226915","191,443562"
"1,000385","4,226915","191,443562"
"2,000770","4,226915","191,443562"
"3,001154","4,226915","191,443562"
"4,001539","4,226915","191,443562"
"5,001924","4,226915","191,443562"
"6,002309","4,226915","191,443562"
"7,002693","4,226915","191,443562"
"8,003078","4,226915","191,443562"
"9,003463","4,226915","191,443562"
"10,003848","4,226915","191,443562"
"11,004232","4,226915","191,443562"
"12,004617","4,226915","191,443562"
"13,005002","4,226915","191,443562"
"14,005387","4,226915","191,443562"
"15,005771","4,226915","191,443562"
"16,006156","4,226915","191,443562"
"17,006541","4,226915","191,443562"
"18,006926","4,226915","191,443562"
"19,007311","4,226915","191,443562"
"20,007695","4,226915","191,443562"
"21,008080","4,226915","191,443562"
"22,008465","4,226915","191,443562"
"23,008850","4,226915","191,443562"
"24,009234","4,226915","191,443562"
"25,009619","4,226915","191,443562"
"26,010004","4,226915","191,443562"
"27,010389","4,226915","191,443562"
"28,010773","4,226915","191,443562"
"29,011158","4,226915","191,443562"
"30,011543","4,226915","191,443562"
"31,011928","4,226915","191,443562"
"32,012312","4,226915","191,443562"
"33,012697","4,226915","191,443562"
"34,013082","4,226915","191,443562"
"35,013467","4,226915","191,443562"
"36,013851","4,226915","191,443562"
"37,014236","4,226915","191,443562"
"38,014621","4,226915","191,443562"
"39,015006","4,226915","191,443562"
"40,015391","4,226915","191,443562"
"41,015775","4,226915","191,443562"
"42,016160","4,226915","191,443562"
"43,016545","4,226915","191,443562"
"44,016930","4,226915","191,443562"
"45,017314","4,226915","191,443562"
"46,017699","4,226915","191,443562"
"47,018084","4,226915","191,443562"
"48,018469","4,226915","191,443562"
"49,018853","4,226915","191,443562"
"50,019238","4,226915","191,443562"
"51,019623","4,226915","191,443562"
"52,020008","4,226915","191,443562"
"53,020392","4,226915","191,443562"
"54,020777","4,226915","191,443562"
"55,021162","4,226915","191,443562"
"56,021547","4,226915","191,443562"
"57,021932","4,226915","191,443562"
"58,022316","4,226915","191,443562"
"59,022701","4,226915","191,443562"
"60,023086","4,226915","191,443562"
"61,023471","4,226915","191,443562"
"62,023855","4,226915","191,443562"
"63,024240","4,226915","191,443562"
"64,024625","4,226915","191,443562"
"65,025010","4,226915","191,443562"
"66,025394","4,226915","191,443562"
"67,025779","4,226915","191,443562"
"68,026164","4,226915","191,443562"
"69,026549","4,226915","191,443562"
"70,026933","4,226915","191,443562"
"71,027318","4,226915","191,443562"
"72,027703","4,226915","191,443562"
"73,028088","4,226915","191,443562"
"74,028472","4,226915","191,443562"
"75,028857","4,226915","191,443562"
"76,029242","4,226915","191,443562"
"77,029627","4,226915","191,443562"
"78,030012","4,226915","191,443562"
"79,030396","4,226915","191,443562"
"80,030781","4,226915","191,443562"
"81,031166","4,226915","191,443562"
"82,031551","4,226915","191,443562"
"83,031935","4,226915","191,443562"
"84,032320","4,226915","191,443562"
"85,032705","4,226915","191,443562"
"86,033090","4,226915","191,443562"
"87,033474","4,226915","191,443562"
"88,033859","4,226915","191,443562"
"89,034244","4,226915","191,443562"
"90,034629","4,226915","191,443562"
"91,035013","4,226915","191,443562"
"92,035398","4,226915","191,443562"
"93,035783","4,226915","191,443562"
"94,036168","4,226915","191,443562"
"95,036553","4,226915","191,443562"
"96,036937","4,226915","191,443562"
"97,037322","4,226915","191,443562"
"98,037707","4,226915","191,443562"
"99,038092","4,226915","191,443562"
"100,038476","4,226915","191,443562"
"101,038861","3,394557","204,894383"
"102,039246","2,633869","204,365821"
"103,039631","1,941451","203,883618"
"104,040015","1,311054","203,443707"
"105,040400","0,737103","203,042435"
"106,040785","0,214533","202,676459"
"107,041170","-0,261265","202,342718"
"108,041554","-0,694482","202,038411"
"109,041939","-1,088935","201,760971"
"110,042324","-1,448095","201,508053"
"111,042709","-1,775125","201,277512"
"112,043093","-2,072900","201,067385"
"113,043478","-2,344040","200,875880"
"114,043863","-2,590929","200,701360"
"115,044248","-2,815737","200,542328"
"116,044633","-3,020440","200,397420"
"117,045017","-3,206837","200,265388"
"118,045402","-3,376566","200,145093"
"119,045787","-3,531117","200,035499"
"120,046172","-3,671849","199,935657"
"121,046556","-3,799997","199,844703"
"122,046941","-3,916688","199,761849"
"123,047326","-4,022944","199,686376"
"124,047711","-4,119701","199,617628"
"125,048095","-4,207807","199,555009"
"126,048480","-4,288034","199,497973"
"127,048865","-4,361088","199,446024"
"128,049250","-4,427611","199,398709"
"129,049634","-4,488186","199,355615"
"130,050019","-4,543345","199,316367"
"131,050404","-4,593573","199,280622"
"132,050789","-4,639311","199,248066"
"133,051174","-4,680961","199,218417"
"134,051558","-4,718887","199,191415"
"135,051943","-4,753423","199,166824"
"136,052328","-4,784871","199,144429"
"137,052713","-4,813509","199,124033"
"138,053097","-4,839586","199,105460"
"139,053482","-4,863332","199,088545"
"140,053867","-4,884955","199,073141"
"141,054252","-4,904646","199,059113"
"142,054636","-4,922576","199,046338"
"143,055021","-4,938904","199,034705"
"144,055406","-4,953772","199,024111"
"145,055791","-4,967311","199,014463"
"146,056175","-4,979640","199,005678"
"147,056560","-4,990866","198,997678"
"148,056945","-5,001090","198,990392"
"149,057330","-5,010399","198,983757"
"150,057715","-5,018876","198,977716"
"151,058099","-5,026596","198,972214"
"152,058484","-5,033625","198,967204"
"153,058869","-5,040026","198,962642"
"154,059254","-5,045855","198,958487"
"155,059638","-5,051163","198,954704"
"156,060023","-5,055996","198,951259"
"157,060408","-5,060397","198,948122"
"158,060793","-5,064405","198,945265"
"159,061177","-5,068055","198,942663"
"160,061562","-5,071378","198,940294"
"161,061947","-5,074405","198,938137"
"162,062332","-5,077160","198,936172"
"163,062716","-5,079670","198,934384"
"164,063101","-5,081955","198,932755"
"165,063486","-5,084035","198,931272"
"166,063871","-5,085928","198,929922"
"167,064255","-5,087653","198,928693"
"168,064640","-5,089223","198,927574"
"169,065025","-5,090653","198,926554"
"170,065410","-5,091955","198,925626"
"171,065795","-5,093140","198,924781"
"172,066179","-5,094220","198,924012"
"173,066564","-5,095203","198,923311"
"174,066949","-5,096098","198,922673"
"175,067334","-5,096914","198,922091"
"176,067718","-5,097657","198,921562"
"177,068103","-5,098333","198,921079"
"178,068488","-5,098949","198,920640"
"179,068873","-5,099510","198,920240"
"180,069257","-5,100022","198,919876"
"181,069642","-5,100487","198,919544"
"182,070027","-5,100911","198,919242"
"183,070412","-5,101297","198,918966"
"184,070796","-5,101649","198,918716"
"185,071181","-5,101969","198,918488"
"186,071566","-5,102260","198,918280"
"187,071951","-5,102526","198,918091"
"188,072336","-5,102767","198,917918"
"189,072720","-5,102987","198,917761"
"190,073105","-5,103188","198,917618"
"191,073490","-5,103371","198,917488"
"192,073875","-5,103537","198,917370"
"193,074259","-5,103689","198,917262"
"194,074644","-5,103827","198,917163"
"195,075029","-5,103952","198,917073"
"196,075414","-5,104067","198,916992"
"197,075798","-5,104171","198,916918"
"198,076183","-5,104266","198,916850"
"199,076568","-5,104353","198,916788"
"200,076953","-5,104353","198,916788"
"201,077337","-4,246842","185,094083"
"202,077722","-3,465103","185,688071"
"203,078107","-2,755604","186,225682"
"204,078492","-2,111563","186,712481"
"205,078876","-1,526928","187,153385"
"206,079261","-0,996217","187,552809"
"207,079646","-0,514453","187,914730"
"208,080031","-0,077124","188,242724"
"209,080416","0,319870","188,540019"
"210,080800","0,680250","188,809529"
"211,081185","1,007393","189,053881"
"212,081570","1,304362","189,275449"
"213,081955","1,573942","189,476378"
"214,082339","1,818658","189,658608"
"215,082724","2,040803","189,823894"
"216,083109","2,242458","189,973821"
"217,083494","2,425514","190,109828"
"218,083878","2,591685","190,233213"
"219,084263","2,742529","190,345153"
"220,084648","2,879459","190,446721"
"221,085033","3,003758","190,538873"
"222,085417","3,116592","190,622488"
"223,085802","3,219018","190,698376"
"224,086187","3,311995","190,767218"
"225,086572","3,396396","190,829700"
"226,086957","3,473012","190,886435"
"227,087341","3,542560","190,937834"
"228,087726","3,605692","190,984562"
"229,088111","3,663001","191,026973"
"230,088496","3,715023","191,065422"
"231,088880","3,762246","191,100333"
"232,089265","3,805113","191,132021"
"233,089650","3,844026","191,160781"
"234,090035","3,879349","191,186885"
"235,090419","3,911414","191,210578"
"236,090804","3,940521","191,232083"
"237,091189","3,966943","191,251602"
"238,091574","3,990927","191,269319"
"239,091958","4,012699","191,285400"
"240,092343","4,032461","191,299996"
"241,092728","4,050400","191,313245"
"242,093113","4,066684","191,325270"
"243,093497","4,081464","191,336185"
"244,093882","4,094882","191,346092"
"245,094267","4,107061","191,355085"
"246,094652","4,118116","191,363248"
"247,095037","4,128152","191,370657"
"248,095421","4,137262","191,377383"
"249,095806","4,145532","191,383488"
"250,096191","4,153038","191,389030"
"251,096576","4,159853","191,394061"
"252,096960","4,166039","191,398628"
"253,097345","4,171654","191,402773"
"254,097730","4,176752","191,406536"
"255,098115","4,181379","191,409951"
"256,098499","4,185579","191,413052"
"257,098884","4,189392","191,415866"
"258,099269","4,192853","191,418421"
"259,099654","4,195995","191,420740"
"260,100038","4,198847","191,422846"
"261,100423","4,201436","191,424757"
"262,100808","4,203786","191,426491"
"263,101193","4,205920","191,428066"
"264,101578","4,207857","191,429496"
"265,101962","4,209615","191,430793"
"266,102347","4,211210","191,431971"
"267,102732","4,212659","191,433040"
"268,103117","4,213974","191,434011"
"269,103501","4,215168","191,434892"
"270,103886","4,216251","191,435692"
"271,104271","4,217235","191,436418"
"272,104656","4,218128","191,437077"
"273,105040","4,218939","191,437675"
"274,105425","4,219674","191,438218"
"275,105810","4,220342","191,438711"
"276,106195","4,220949","191,439159"
"277,106579","4,221499","191,439565"
"278,106964","4,221999","191,439934"
"279,107349","4,222452","191,440268"
"280,107734","4,222864","191,440572"
"281,108119","4,223238","191,440848"
"282,108503","4,223577","191,441098"
"283,108888","4,223885","191,441326"
"284,109273","4,224164","191,441532"
"285,109658","4,224418","191,441719"
"286,110042","4,224648","191,441889"
"287,110427","4,224857","191,442043"
"288,110812","4,225046","191,442183"
"289,111197","4,225218","191,442310"
"290,111581","4,225374","191,442425"
"291,111966","4,225515","191,442529"
"292,112351","4,225644","191,442624"
"293,112736","4,225760","191,442710"
"294,113120","4,225866","191,442788"
"295,113505","4,225962","191,442859"
"296,113890","4,226049","191,442923"
"297,114275","4,226129","191,442982"
"298,114659","4,226201","191,443035"
"299,115044","4,226267","191,443084"
"300,115429","4,226267","191,443084"
"301,115814","4,226326","191,443127"
"302,116199","4,226378","191,443166"
"303,116583","4,226425","191,443200"
"304,116968","4,226465","191,443230"
"305,117353","4,226504","191,443259"
"306,117738","4,226538","191,443284"
"307,118122","4,226571","191,443309"
"308,118507","4,226600","191,443329"
"309,118892","4,226627","191,443350"
"310,119277","4,226651","191,443367"
"311,119661","4,226674","191,443385"
"312,120046","4,226696","191,443400"
"313,120431","4,226716","191,443415"
"314,120816","4,226734","191,443429"
"315,121200","4,226751","191,443441"
"316,121585","4,226767","191,443453"
"317,121970","4,226781","191,443463"
"318,122355","4,226793","191,443472"
"319,122740","4,226806","191,443481"
"320,123124","4,226817","191,443490"
"321,123509","4,226827","191,443498"
"322,123894","4,226837","191,443504"
"323,124279","4,226845","191,443511"
"324,124663","4,226853","191,443516"
"325,125048","4,226859","191,443521"
"326,125433","4,226866","191,443526"
"327,125818","4,226872","191,443530"
"328,126202","4,226877","191,443534"
"329,126587","4,226881","191,443537"
"330,126972","4,226885","191,443540"
"331,127357","4,226889","191,443543"
"332,127741","4,226891","191,443545"
"333,128126","4,226894","191,443547"
"334,128511","4,226897","191,443549"
"335,128896","4,226900","191,443551"
"336,129280","4,226902","191,443552"
"337,129665","4,226904","191,443554"
"338,130050","4,226905","191,443555"
"339,130435","4,226906","191,443556"
"340,130820","4,226908","191,443557"
"341,131204","4,226909","191,443558"
"342,131589","4,226910","191,443558"
"343,131974","4,226911","191,443559"
"344,132359","4,226911","191,443560"
"345,132743","4,226912","191,443560"
"346,133128","4,226913","191,443560"
"347,133513","4,226913","191,443561"
"348,133898","4,226914","191,443561"
"349,134282","4,226914","191,443561"
"350,134667","4,226914","191,443562"
"351,135052","4,226915","191,443562"
"352,135437","4,226915","191,443562"
"353,135821","4,226915","191,443562"
"354,136206","4,226915","191,443562"
"355,136591","4,226915","191,443562"
"356,136976","4,226915","191,443562"
"357,137361","4,226915","191,443562"
"358,137745","4,226915","191,443562"
"359,138130","4,226915","191,443562"
"360,138515","4,226915","191,443562"
"361,138900","4,226915","191,443562"
"362,139284","4,226915","191,443562"
"363,139669","4,226915","191,443563"
"364,140054","4,226916","191,443563"
"365,140439","4,226916","191,443563"
"366,140823","4,226916","191,443563"
"367,141208","4,226916","191,443563"
"368,141593","4,226916","191,443563"
"369,141978","4,226916","191,443563"
"370,142362","4,226916","191,443563"
"371,142747","4,226916","191,443563"
"372,143132","4,226916","191,443563"
"373,143517","4,226916","191,443563"
"374,143902","4,226916","191,443563"
"375,144286","4,226916","191,443563"
"376,144671","4,226916","191,443563"
"377,145056","4,226916","191,443563"
"378,145441","4,226916","191,443563"
"379,145825","4,226916","191,443563"
"380,146210","4,226916","191,443563"
"381,146595","4,226916","191,443563"
"382,146980","4,226916","191,443563"
"383,147364","4,226916","191,443563"
"384,147749","4,226916","191,443563"
"385,148134","4,226916","191,443563"
"386,148519","4,226916","191,443563"
"387,148903","4,226916","191,443563"
"388,149288","4,226916","191,443563"
"389,149673","4,226916","191,443563"
"390,150058","4,226916","191,443563"
"391,150442","4,226916","191,443563"
"392,150827","4,226916","191,443563"
"393,151212","4,226916","191,443563"
"394,151597","4,226916","191,443563"
"395,151982","4,226916","191,443563"
"396,152366","4,226916","191,443563"
"397,152751","4,226915","191,443563"
"398,153136","4,226915","191,443563"
"399,153521","4,226915","191,443563"
"400,153905","4,226915","191,443563"
"401,154290","3,705507","191,061095"
"402,154675","3,171148","190,665625"
"403,155060","2,687265","190,306869"
"404,155444","2,249214","189,981565"
"405,155829","1,852658","189,686639"
"406,156214","1,493660","189,419288"
"407,156599","1,168659","189,176961"
"408,156983","0,874433","188,957336"
"409,157368","0,608064","188,758307"
"410,157753","0,366913","188,577956"
"411,158138","0,148589","188,414542"
"412,158523","-0,049069","188,266486"
"413,158907","-0,228019","188,132352"
"414,159292","-0,390033","188,010838"
"415,159677","-0,536713","187,900764"
"416,160062","-0,669512","187,801055"
"417,160446","-0,789745","187,710741"
"418,160831","-0,898600","187,628940"
"419,161216","-0,997154","187,554851"
"420,161601","-1,086383","187,487749"
"421,161985","-1,167169","187,426978"
"422,162370","-1,240311","187,371942"
"423,162755","-1,306533","187,322101"
"424,163140","-1,366489","187,276964"
"425,163524","-1,420773","187,236090"
"426,163909","-1,469920","187,199077"
"427,164294","-1,514418","187,165558"
"428,164679","-1,554706","187,135207"
"429,165063","-1,591182","187,107726"
"430,165448","-1,624207","187,082835"
"431,165833","-1,654108","187,060303"
"432,166218","-1,681180","187,039901"
"433,166603","-1,705691","187,021415"
"434,166987","-1,727883","187,004695"
"435,167372","-1,747975","186,989555"
"436,167757","-1,766167","186,975807"
"437,168142","-1,782638","186,963418"
"438,168526","-1,797550","186,952164"
"439,168911","-1,811052","186,941959"
"440,169296","-1,823277","186,932778"
"441,169681","-1,834345","186,924413"
"442,170065","-1,844366","186,916846"
"443,170450","-1,853439","186,910045"
"444,170835","-1,861654","186,903795"
"445,171220","-1,869091","186,898209"
"446,171604","-1,875825","186,893126"
"447,171989","-1,881922","186,888484"
"448,172374","-1,887442","186,884411"
"449,172759","-1,892440","186,880571"
"450,173144","-1,896965","186,877159"
"451,173528","-1,901062","186,874130"
"452,173913","-1,904771","186,871240"
"453,174298","-1,908129","186,868791"
"454,174683","-1,911170","186,866505"
"455,175067","-1,913923","186,864308"
"456,175452","-1,916416","186,862589"
"457,175837","-1,918673","186,860781"
"458,176222","-1,920716","186,859247"
"459,176606","-1,922566","186,857885"
"460,176991","-1,924240","186,856595"
"461,177376","-1,925757","186,855467"
"462,177761","-1,927129","186,854432"
"463,178145","-1,928371","186,853489"
"464,178530","-1,929496","186,852641"
"465,178915","-1,930514","186,851873"
"466,179300","-1,931436","186,851178"
"467,179684","-1,932271","186,850548"
"468,180069","-1,933027","186,849977"
"469,180454","-1,933712","186,849460"
"470,180839","-1,934333","186,848992"
"471,181224","-1,934895","186,848568"
"472,181608","-1,935404","186,848184"
"473,181993","-1,935865","186,847836"
"474,182378","-1,936283","186,847521"
"475,182763","-1,936661","186,847235"
"476,183147","-1,937004","186,846977"
"477,183532","-1,937314","186,846743"
"478,183917","-1,937595","186,846531"
"479,184302","-1,937849","186,846340"
"480,184686","-1,938079","186,846166"
"481,185071","-1,938287","186,846009"
"482,185456","-1,938475","186,845867"
"483,185841","-1,938646","186,845738"
"484,186225","-1,938800","186,845622"
"485,186610","-1,938940","186,845517"
"486,186995","-1,939066","186,845421"
"487,187380","-1,939180","186,845335"
"488,187765","-1,939284","186,845257"
"489,188149","-1,939378","186,845186"
"490,188534","-1,939463","186,845122"
"491,188919","-1,939539","186,845064"
"492,189304","-1,939609","186,845012"
"493,189688","-1,939672","186,844964"
"494,190073","-1,939729","186,844921"
"495,190458","-1,939780","186,844883"
"496,190843","-1,939826","186,844848"
"497,191227","-1,939868","186,844816"
"498,191612","-1,939906","186,844787"
"499,191997","-1,939941","186,844761"
"500,192382","-1,939941","186,844761"
"501,192766","-1,451500","187,210209"
"502,193151","-0,928263","187,603898"
"503,193536","-0,452811","187,960992"
"504,193921","-0,021171","188,284651"
"505,194306","0,370663","188,578026"
"506,194690","0,726359","188,843986"
"507,195075","1,049249","189,085124"
"508,195460","1,342359","189,303781"
"509,195845","1,608434","189,502073"
"510,196229","1,849969","189,681913"
"511,196614","2,069226","189,845033"
"512,196999","2,268260","189,992997"
"513,197384","2,448936","190,127223"
"514,197768","2,612946","190,248995"
"515,198153","2,761829","190,359473"
"516,198538","2,896979","190,459711"
"517,198923","3,019662","190,550661"
"518,199307","3,131029","190,633188"
"519,199692","3,232123","190,708075"
"520,200077","3,323892","190,776031"
"521,200462","3,407196","190,837699"
"522,200846","3,482815","190,893663"
"523,201231","3,551458","190,944451"
"524,201616","3,613768","190,990543"
"525,202001","3,670330","191,032374"
"526,202386","3,721674","191,070339"
"527,202770","3,768282","191,104796"
"528,203155","3,810589","191,136069"
"529,203540","3,848995","191,164453"
"530,203925","3,883857","191,190216"
"531,204309","3,915504","191,213599"
"532,204694","3,944231","191,234824"
"533,205079","3,970308","191,254088"
"534,205464","3,993980","191,271574"
"535,205848","4,015468","191,287446"
"536,206233","4,034974","191,301852"
"537,206618","4,052680","191,314928"
"538,207003","4,068753","191,326798"
"539,207387","4,083343","191,337572"
"540,207772","4,096588","191,347352"
"541,208157","4,108610","191,356229"
"542,208542","4,119524","191,364287"
"543,208927","4,129431","191,371602"
"544,209311","4,138424","191,378241"
"545,209696","4,146587","191,384268"
"546,210081","4,153997","191,389738"
"547,210466","4,160724","191,394704"
"548,210850","4,166830","191,399212"
"549,211235","4,172373","191,403303"
"550,211620","4,177404","191,407018"
"551,212005","4,181972","191,410389"
"552,212389","4,186118","191,413450"
"553,212774","4,189881","191,416228"
"554,213159","4,193298","191,418749"
"555,213544","4,196399","191,421039"
"556,213928","4,199214","191,423117"
"557,214313","4,201770","191,425003"
"558,214698","4,204089","191,426715"
"559,215083","4,206195","191,428269"
"560,215467","4,208106","191,429680"
"561,215852","4,209841","191,430960"
"562,216237","4,211415","191,432122"
"563,216622","4,212844","191,433177"
"564,217007","4,214141","191,434134"
"565,217391","4,215318","191,435003"
"566,217776","4,216387","191,435792"
"567,218161","4,217357","191,436508"
"568,218546","4,218237","191,437157"
"569,218930","4,219037","191,437748"
"570,219315","4,219762","191,438283"
"571,219700","4,220421","191,438769"
"572,220085","4,221020","191,439211"
"573,220469","4,221563","191,439612"
"574,220854","4,222056","191,439976"
"575,221239","4,222504","191,440306"
"576,221624","4,222910","191,440606"
"577,222008","4,223279","191,440879"
"578,222393","4,223614","191,441126"
"579,222778","4,223919","191,441351"
"580,223163","4,224195","191,441554"
"581,223548","4,224445","191,441739"
"582,223932","4,224673","191,441907"
"583,224317","4,224879","191,442060"
"584,224702","4,225067","191,442198"
"585,225087","4,225237","191,442324"
"586,225471","4,225392","191,442438"
"587,225856","4,225532","191,442541"
"588,226241","4,225659","191,442635"
"589,226626","4,225775","191,442721"
"590,227010","4,225880","191,442798"
"591,227395","4,225976","191,442869"
"592,227780","4,226062","191,442933"
"593,228165","4,226141","191,442991"
"594,228549","4,226212","191,443043"
"595,228934","4,226277","191,443091"
"596,229319","4,226336","191,443135"
"597,229704","4,226389","191,443174"
"598,230088","4,226438","191,443210"
"599,230473","4,226482","191,443242"
"600,230858","4,226482","191,443242"
"601,231243","4,226521","191,443271"
"602,231628","4,226556","191,443297"
"603,232012","4,226585","191,443319"
"604,232397","4,226614","191,443340"
"605,232782","4,226639","191,443358"
"606,233167","4,226663","191,443376"
"607,233551","4,226683","191,443391"
"608,233936","4,226704","191,443406"
"609,234321","4,226722","191,443420"
"610,234706","4,226740","191,443433"
"611,235090","4,226756","191,443445"
"612,235475","4,226771","191,443456"
"613,235860","4,226784","191,443466"
"614,236245","4,226797","191,443475"
"615,236629","4,226808","191,443483"
"616,237014","4,226818","191,443491"
"617,237399","4,226828","191,443498"
"618,237784","4,226837","191,443505"
"619,238169","4,226845","191,443511"
"620,238553","4,226853","191,443517"
"621,238938","4,226860","191,443522"
"622,239323","4,226866","191,443526"
"623,239708","4,226872","191,443530"
"624,240092","4,226877","191,443534"
"625,240477","4,226881","191,443537"
"626,240862","4,226886","191,443540"
"627,241247","4,226890","191,443543"
"628,241631","4,226893","191,443546"
"629,242016","4,226896","191,443548"
"630,242401","4,226898","191,443550"
"631,242786","4,226900","191,443551"
"632,243170","4,226902","191,443552"
"633,243555","4,226904","191,443554"
"634,243940","4,226906","191,443555"
"635,244325","4,226907","191,443556"
"636,244710","4,226909","191,443557"
"637,245094","4,226910","191,443558"
"638,245479","4,226910","191,443559"
"639,245864","4,226911","191,443559"
"640,246249","4,226912","191,443560"
"641,246633","4,226913","191,443561"
"642,247018","4,226913","191,443561"
"643,247403","4,226914","191,443561"
"644,247788","4,226914","191,443562"
"645,248172","4,226915","191,443562"
"646,248557","4,226915","191,443562"
"647,248942","4,226915","191,443562"
"648,249327","4,226915","191,443562"
"649,249711","4,226916","191,443563"
"650,250096","4,226916","191,443563"
"651,250481","4,226916","191,443563"
"652,250866","4,226916","191,443563"
"653,251250","4,226916","191,443563"
"654,251635","4,226916","191,443563"
"655,252020","4,226916","191,443563"
"656,252405","4,226916","191,443563"
"657,252790","4,226916","191,443563"
"658,253174","4,226916","191,443563"
"659,253559","4,226916","191,443563"
"660,253944","4,226916","191,443563"
"661,254329","4,226916","191,443563"
"662,254713","4,226916","191,443563"
"663,255098","4,226916","191,443563"
"664,255483","4,226916","191,443563"
"665,255868","4,226916","191,443563"
"666,256252","4,226916","191,443563"
"667,256637","4,226916","191,443563"
"668,257022","4,226916","191,443563"
"669,257407","4,226916","191,443563"
"670,257791","4,226916","191,443563"
"671,258176","4,226916","191,443563"
"672,258561","4,226916","191,443563"
"673,258946","4,226916","191,443563"
"674,259331","4,226916","191,443563"
"675,259715","4,226916","191,443563"
"676,260100","4,226916","191,443563"
"677,260485","4,226916","191,443563"
"678,260870","4,226915","191,443563"
"679,261254","4,226915","191,443563"
"680,261639","4,226915","191,443563"
"681,262024","4,226915","191,443563"
"682,262409","4,226915","191,443563"
"683,262793","4,226915","191,443563"
"684,263178","4,226915","191,443563"
"685,263563","4,226915","191,443563"
"686,263948","4,226915","191,443563"
"687,264332","4,226915","191,443563"
"688,264717","4,226915","191,443562"
"689,265102","4,226915","191,443562"
"690,265487","4,226915","191,443562"
"691,265871","4,226915","191,443562"
"692,266256","4,226915","191,443562"
"693,266641","4,226915","191,443562"
"694,267026","4,226915","191,443562"
"695,267411","4,226915","191,443562"
"696,267795","4,226915","191,443562"
"697,268180","4,226915","191,443562"
"698,268565","4,226915","191,443562"
"699,268950","4,226915","191,443562"
"700,269334","4,226915","191,443562"
"701,269719","5,492155","192,370536"
"702,270104","6,401873","193,038100"
"703,270489","7,217015","193,634421"
"704,270873","7,952628","194,171133"
"705,271258","8,616810","194,654576"
"706,271643","9,216500","195,090146"
"707,272028","9,757945","195,482654"
"708,272412","10,246785","195,836417"
"709,272797","10,688124","196,155307"
"710,273182","11,086562","196,442797"
"711,273567","11,446262","196,702009"
"712,273952","11,770979","196,935745"
"713,274336","12,064109","197,146529"
"714,274721","12,328719","197,336630"
"715,275106","12,567578","197,508089"
"716,275491","12,783187","197,662742"
"717,275875","12,977807","197,802246"
"718,276260","13,153480","197,928093"
"719,276645","13,312051","198,041626"
"720,277030","13,455180","198,144053"
"721,277414","13,584369","198,236462"
"722,277799","13,700978","198,319839"
"723,278184","13,806231","198,395068"
"724,278569","13,901240","198,462956"
"725,278953","13,986999","198,524213"
"726,279338","14,064408","198,579490"
"727,279723","14,134274","198,629378"
"728,280108","14,197327","198,674389"
"729,280492","14,254230","198,714968"
"730,280877","14,305582","198,751596"
"731,281262","14,351933","198,784696"
"732,281647","14,393768","198,814561"
"733,282032","14,431531","198,841497"
"734,282416","14,465615","198,865779"
"735,282801","14,496378","198,887700"
"736,283186","14,524140","198,907567"
"737,283571","14,549194","198,925460"
"738,283955","14,571807","198,941511"
"739,284340","14,592217","198,956006"
"740,284725","14,610640","198,969123"
"741,285110","14,627268","198,981039"
"742,285494","14,642277","198,991728"
"743,285879","14,655822","199,001249"
"744,286264","14,668047","199,010047"
"745,286649","14,679080","199,017981"
"746,287033","14,689037","199,025099"
"747,287418","14,698024","199,031522"
"748,287803","14,706135","199,037277"
"749,288188","14,713453","199,042427"
"750,288573","14,720059","199,047165"
"751,288957","14,726021","199,051484"
"752,289342","14,731403","199,055260"
"753,289727","14,736261","199,058685"
"754,290112","14,740646","199,061792"
"755,290496","14,744603","199,064621"
"756,290881","14,748174","199,067169"
"757,291266","14,751396","199,069481"
"758,291651","14,754305","199,071574"
"759,292035","14,756930","199,073423"
"760,292420","14,759299","199,075103"
"761,292805","14,761438","199,076625"
"762,293190","14,763369","199,078002"
"763,293574","14,765112","199,079251"
"764,293959","14,766686","199,080372"
"765,294344","14,768106","199,081380"
"766,294729","14,769388","199,082309"
"767,295114","14,770545","199,083115"
"768,295498","14,771588","199,083854"
"769,295883","14,772532","199,084572"
"770,296268","14,773385","199,085150"
"771,296653","14,774157","199,085690"
"772,297037","14,774852","199,086189"
"773,297422","14,775479","199,086636"
"774,297807","14,776046","199,087040"
"775,298192","14,776554","199,087402"
"776,298576","14,777013","199,087729"
"777,298961","14,777424","199,088022"
"778,299346","14,777795","199,088286"
"779,299731","14,778129","199,088524"
"780,300115","14,778431","199,088740"
"781,300500","14,778702","199,088932"
"782,300885","14,778946","199,089106"
"783,301270","14,779167","199,089264"
"784,301654","14,779366","199,089405"
"785,302039","14,779544","199,089532"
"786,302424","14,779705","199,089646"
"787,302809","14,779851","199,089750"
"788,303194","14,779981","199,089843"
"789,303578","14,780099","199,089927"
"790,303963","14,780207","199,090004"
"791,304348","14,780305","199,090074"
"792,304733","14,780392","199,090136"
"793,305117","14,780472","199,090193"
"794,305502","14,780544","199,090245"
"795,305887","14,780609","199,090291"
"796,306272","14,780668","199,090333"
"797,306656","14,780722","199,090372"
"798,307041","14,780772","199,090407"
"799,307426","14,780817","199,090439"
"800,307811","14,780817","199,090439"
"801,308195","13,660587","198,295314"
"802,308580","12,781953","197,666173"
"803,308965","11,991307","197,098547"
"804,309350","11,274364","196,582557"
"805,309735","10,623737","196,113232"
"806,310119","10,033232","195,686394"
"807,310504","9,497277","195,298255"
"808,310889","9,010825","194,945361"
"809,311274","8,569296","194,624555"
"810,311658","8,168534","194,332954"
"811,312043","7,804778","194,067936"
"812,312428","7,474611","193,827105"
"813,312813","7,174928","193,608276"
"814,313197","6,902905","193,409449"
"815,313582","6,655986","193,228816"
"816,313967","6,431850","193,064710"
"817,314352","6,228400","192,915645"
"818,314736","6,043727","192,780229"
"819,315121","5,876096","192,657328"
"820,315506","5,723933","192,545545"
"821,315891","5,585811","192,444133"
"822,316275","5,460434","192,352015"
"823,316660","5,346626","192,268360"
"824,317045","5,243319","192,192394"
"825,317430","5,149544","192,123419"
"826,317815","5,064421","192,060785"
"827,318199","4,987153","192,003913"
"828,318584","4,917013","191,952281"
"829,318969","4,853345","191,905397"
"830,319354","4,795552","191,862830"
"831,319738","4,743090","191,824184"
"832,320123","4,695469","191,789097"
"833,320508","4,652241","191,757242"
"834,320893","4,613001","191,728322"
"835,321277","4,577381","191,702066"
"836,321662","4,545046","191,678229"
"837,322047","4,515695","191,656589"
"838,322432","4,489051","191,636944"
"839,322816","4,464866","191,619109"
"840,323201","4,442912","191,602919"
"841,323586","4,422984","191,588222"
"842,323971","4,404894","191,574880"
"843,324356","4,388475","191,562768"
"844,324740","4,373570","191,551773"
"845,325125","4,360040","191,541793"
"846,325510","4,347759","191,532733"
"847,325895","4,336611","191,524508"
"848,326279","4,326491","191,517042"
"849,326664","4,317305","191,510264"
"850,327049","4,308966","191,504111"
"851,327434","4,301397","191,498526"
"852,327818","4,294527","191,493457"
"853,328203","4,288290","191,488855"
"854,328588","4,282630","191,484678"
"855,328973","4,277491","191,480887"
"856,329357","4,272827","191,477445"
"857,329742","4,268593","191,474321"
"858,330127","4,264750","191,471484"
"859,330512","4,261260","191,468909"
"860,330896","4,258093","191,466572"
"861,331281","4,255217","191,464449"
"862,331666","4,252607","191,462523"
"863,332051","4,250237","191,460774"
"864,332436","4,248086","191,459187"
"865,332820","4,246133","191,457746"
"866,333205","4,244361","191,456438"
"867,333590","4,242752","191,455250"
"868,333975","4,241292","191,454173"
"869,334359","4,239966","191,453194"
"870,334744","4,238762","191,452306"
"871,335129","4,237670","191,451500"
"872,335514","4,236678","191,450767"
"873,335898","4,235777","191,450103"
"874,336283","4,234960","191,449500"
"875,336668","4,234218","191,448952"
"876,337053","4,233545","191,448455"
"877,337437","4,232933","191,448004"
"878,337822","4,232378","191,447594"
"879,338207","4,231874","191,447222"
"880,338592","4,231417","191,446885"
"881,338977","4,231002","191,446578"
"882,339361","4,230625","191,446300"
"883,339746","4,230283","191,446048"
"884,340131","4,229972","191,445819"
"885,340516","4,229690","191,445610"
"886,340900","4,229434","191,445422"
"887,341285","4,229202","191,445250"
"888,341670","4,228991","191,445094"
"889,342055","4,228800","191,444953"
"890,342439","4,228626","191,444825"
"891,342824","4,228468","191,444709"
"892,343209","4,228325","191,444603"
"893,343594","4,228195","191,444507"
"894,343978","4,228078","191,444420"
"895,344363","4,227971","191,444342"
"896,344748","4,227874","191,444270"
"897,345133","4,227787","191,444206"
"898,345518","4,227707","191,444147"
"899,345902","4,227634","191,444093"
"900,346287","4,227634","191,444093"
"901,346672","4,227569","191,444045"
"902,347057","4,227511","191,444002"
"903,347441","4,227459","191,443964"
"904,347826","4,227411","191,443928"
"905,348211","4,227366","191,443895"
"906,348596","4,227325","191,443865"
"907,348980","4,227287","191,443837"
"908,349365","4,227252","191,443811"
"909,349750","4,227220","191,443788"
"910,350135","4,227191","191,443766"
"911,350519","4,227165","191,443747"
"912,350904","4,227141","191,443729"
"913,351289","4,227119","191,443713"
"914,351674","4,227099","191,443698"
"915,352058","4,227081","191,443685"
"916,352443","4,227065","191,443673"
"917,352828","4,227050","191,443662"
"918,353213","4,227037","191,443652"
"919,353598","4,227025","191,443643"
"920,353982","4,227014","191,443635"
"921,354367","4,227004","191,443628"
"922,354752","4,226995","191,443621"
"923,355137","4,226987","191,443616"
"924,355521","4,226980","191,443610"
"925,355906","4,226974","191,443606"
"926,356291","4,226968","191,443602"
"927,356676","4,226963","191,443598"
"928,357060","4,226959","191,443594"
"929,357445","4,226955","191,443592"
"930,357830","4,226951","191,443589"
"931,358215","4,226948","191,443586"
"932,358599","4,226945","191,443584"
"933,358984","4,226942","191,443582"
"934,359369","4,226940","191,443581"
"935,359754","4,226938","191,443579"
"936,360139","4,226936","191,443578"
"937,360523","4,226935","191,443577"
"938,360908","4,226933","191,443576"
"939,361293","4,226932","191,443575"
"940,361678","4,226931","191,443574"
"941,362062","4,226930","191,443573"
"942,362447","4,226929","191,443572"
"943,362832","4,226927","191,443571"
"944,363217","4,226926","191,443571"
"945,363601","4,226925","191,443570"
"946,363986","4,226924","191,443569"
"947,364371","4,226924","191,443569"
"948,364756","4,226923","191,443568"
"949,365140","4,226922","191,443567"
"950,365525","4,226922","191,443567"
"951,365910","4,226921","191,443567"
"952,366295","4,226921","191,443567"
"953,366679","4,226921","191,443566"
"954,367064","4,226920","191,443566"
"955,367449","4,226920","191,443566"
"956,367834","4,226920","191,443566"
"957,368219","4,226919","191,443565"
"958,368603","4,226919","191,443565"
"959,368988","4,226919","191,443565"
"960,369373","4,226919","191,443565"
"961,369758","4,226919","191,443565"
"962,370142","4,226918","191,443565"
"963,370527","4,226918","191,443565"
"964,370912","4,226918","191,443564"
"965,371297","4,226918","191,443564"
"966,371681","4,226918","191,443564"
"967,372066","4,226918","191,443564"
"968,372451","4,226918","191,443564"
"969,372836","4,226917","191,443564"
"970,373220","4,226917","191,443564"
"971,373605","4,226917","191,443564"
"972,373990","4,226917","191,443564"
"973,374375","4,226917","191,443564"
"974,374760","4,226917","191,443563"
"975,375144","4,226917","191,443563"
"976,375529","4,226917","191,443563"
"977,375914","4,226917","191,443563"
"978,376299","4,226917","191,443563"
"979,376683","4,226917","191,443563"
"980,377068","4,226917","191,443563"
"981,377453","4,226917","191,443563"
"982,377838","4,226916","191,443563"
"983,378222","4,226916","191,443563"
"984,378607","4,226916","191,443563"
"985,378992","4,226916","191,443563"
"986,379377","4,226916","191,443563"
"987,379761","4,226916","191,443563"
"988,380146","4,226916","191,443563"
"989,380531","4,226916","191,443563"
"990,380916","4,226916","191,443563"
"991,381301","4,226916","191,443563"
"992,381685","4,226916","191,443563"
"993,382070","4,226916","191,443563"
"994,382455","4,226916","191,443563"
"995,382840","4,226916","191,443563"
"996,383224","4,226916","191,443563"
"997,383609","4,226916","191,443563"
"998,383994","4,226916","191,443563"
"999,384379","4,226916","191,443563"
"1000,384763","4,226916","191,443563"
"1001,385148","3,705507","191,061095"
"1002,385533","3,171147","190,665625"
"1003,385918","2,687264","190,306869"
"1004,386302","2,249214","189,981564"
"1005,386687","1,852657","189,686639"
"1006,387072","1,493660","189,419288"
"1007,387457","1,168659","189,176960"
"1008,387841","0,874432","188,957336"
"1009,388226","0,608063","188,758306"
"1010,388611","0,366911","188,577955"
"1011,388996","0,148587","188,414541"
"1012,389381","-0,049071","188,266484"
"1013,389765","-0,228021","188,132351"
"1014,390150","-0,390035","188,010837"
"1015,390535","-0,536715","187,900762"
"1016,390920","-0,669514","187,801054"
"1017,391304","-0,789746","187,710740"
"1018,391689","-0,898601","187,628939"
"1019,392074","-0,997156","187,554850"
"1020,392459","-1,086384","187,487748"
"1021,392843","-1,167170","187,426978"
"1022,393228","-1,240313","187,371941"
"1023,393613","-1,306534","187,322099"
"1024,393998","-1,366490","187,276966"
"1025,394382","-1,420774","187,236088"
"1026,394767","-1,469921","187,199074"
"1027,395152","-1,514419","187,165566"
"1028,395537","-1,554707","187,135195"
"1029,395922","-1,591182","187,107725"
"1030,396306","-1,624209","187,082845"
"1031,396691","-1,654112","187,060218"
"1032,397076","-1,681184","187,039995"
"1033,397461","-1,705695","187,021445"
"1034,397845","-1,727886","187,004673"
"1035,398230","-1,747978","186,989568"
"1036,398615","-1,766169","186,975754"
"1037,399000","-1,782640","186,963458"
"1038,399384","-1,797552","186,952050"
"1039,399769","-1,811054","186,942133"
"1040,400154","-1,823278","186,932674"
"1041,400539","-1,834346","186,924432"
"1042,400923","-1,844367","186,916857"
"1043,401308","-1,853440","186,910014"
"1044,401693","-1,861654","186,903818"
"1045,402078","-1,869092","186,898208"
"1046,402462","-1,875826","186,893129"
"1047,402847","-1,881923","186,888530"
"1048,403232","-1,887443","186,884366"
"1049,403617","-1,892441","186,880596"
"1050,404002","-1,896966","186,877182"
"1051,404386","-1,901063","186,874092"
"1052,404771","-1,904772","186,871293"
"1053,405156","-1,908130","186,868760"
"1054,405541","-1,911170","186,866467"
"1055,405925","-1,913923","186,864390"
"1056,406310","-1,916416","186,862510"
"1057,406695","-1,918672","186,860807"
"1058,407080","-1,920715","186,859266"
"1059,407464","-1,922565","186,857870"
"1060,407849","-1,924240","186,856607"
"1061,408234","-1,925756","186,855463"
"1062,408619","-1,927129","186,854427"
"1063,409003","-1,928373","186,853489"
"1064,409388","-1,929498","186,852640"
"1065,409773","-1,930517","186,851871"
"1066,410158","-1,931440","186,851175"
"1067,410543","-1,932275","186,850544"
"1068,410927","-1,933032","186,849974"
"1069,411312","-1,933717","186,849457"
"1070,411697","-1,934337","186,848989"
"1071,412082","-1,934898","186,848566"
"1072,412466","-1,935407","186,848182"
"1073,412851","-1,935867","186,847835"
"1074,413236","-1,936284","186,847520"
"1075,413621","-1,936661","186,847236"
"1076,414005","-1,937002","186,846978"
"1077,414390","-1,937312","186,846745"
"1078,414775","-1,937592","186,846533"
"1079,415160","-1,937845","186,846342"
"1080,415544","-1,938075","186,846169"
"1081,415929","-1,938283","186,846012"
"1082,416314","-1,938471","186,845870"
"1083,416699","-1,938641","186,845742"
"1084,417083","-1,938796","186,845625"
"1085,417468","-1,938935","186,845520"
"1086,417853","-1,939062","186,845424"
"1087,418238","-1,939176","186,845338"
"1088,418623","-1,939280","186,845260"
"1089,419007","-1,939373","186,845189"
"1090,419392","-1,939458","186,845125"
"1091,419777","-1,939535","186,845068"
"1092,420162","-1,939604","186,845015"
"1093,420546","-1,939667","186,844968"
"1094,420931","-1,939724","186,844925"
"1095,421316","-1,939775","186,844886"
"1096,421701","-1,939822","186,844851"
"1097,422085","-1,939864","186,844819"
"1098,422470","-1,939903","186,844790"
"1099,422855","-1,939937","186,844764"
"1100,423240","-1,939937","186,844764"
"1101,423624","-1,451497","187,210211"
"1102,424009","-0,928261","187,603900"
"1103,424394","-0,452809","187,960994"
"1104,424779","-0,021169","188,284652"
"1105,425164","0,370665","188,578027"
"1106,425548","0,726360","188,843988"
"1107,425933","1,049251","189,085126"
"1108,426318","1,342360","189,303782"
"1109,426703","1,608436","189,502074"
"1110,427087","1,849970","189,681914"
"1111,427472","2,069227","189,845033"
"1112,427857","2,268261","189,992998"
"1113,428242","2,448937","190,127224"
"1114,428626","2,612947","190,248995"
"1115,429011","2,761830","190,359474"
"1116,429396","2,896979","190,459712"
"1117,429781","3,019663","190,550662"
"1118,430165","3,131030","190,633189"
"1119,430550","3,232124","190,708075"
"1120,430935","3,323893","190,776031"
"1121,431320","3,407196","190,837699"
"1122,431705","3,482815","190,893663"
"1123,432089","3,551458","190,944451"
"1124,432474","3,613769","190,990543"
"1125,432859","3,670330","191,032374"
"1126,433244","3,721675","191,070339"
"1127,433628","3,768282","191,104796"
"1128,434013","3,810590","191,136069"
"1129,434398","3,848995","191,164453"
"1130,434783","3,883857","191,190216"
"1131,435167","3,915504","191,213600"
"1132,435552","3,944231","191,234824"
"1133,435937","3,970308","191,254088"
"1134,436322","3,993980","191,271574"
"1135,436706","4,015468","191,287446"
"1136,437091","4,034974","191,301852"
"1137,437476","4,052680","191,314929"
"1138,437861","4,068753","191,326798"
"1139,438245","4,083343","191,337572"
"1140,438630","4,096588","191,347352"
"1141,439015","4,108610","191,356229"
"1142,439400","4,119524","191,364287"
"1143,439785","4,129431","191,371602"
"1144,440169","4,138424","191,378241"
"1145,440554","4,146587","191,384268"
"1146,440939","4,153997","191,389738"
"1147,441324","4,160724","191,394704"
"1148,441708","4,166830","191,399212"
"1149,442093","4,172373","191,403303"
"1150,442478","4,177404","191,407018"
"1151,442863","4,181972","191,410389"
"1152,443247","4,186118","191,413450"
"1153,443632","4,189881","191,416228"
"1154,444017","4,193298","191,418749"
"1155,444402","4,196399","191,421039"
"1156,444786","4,199214","191,423117"
"1157,445171","4,201770","191,425003"
"1158,445556","4,204089","191,426715"
"1159,445941","4,206195","191,428269"
"1160,446326","4,208106","191,429680"
"1161,446710","4,209841","191,430960"
"1162,447095","4,211415","191,432122"
"1163,447480","4,212844","191,433177"
"1164,447865","4,214141","191,434134"
"1165,448249","4,215318","191,435003"
"1166,448634","4,216387","191,435792"
"1167,449019","4,217357","191,436508"
"1168,449404","4,218237","191,437157"
"1169,449788","4,219037","191,437748"
"1170,450173","4,219762","191,438283"
"1171,450558","4,220421","191,438769"
"1172,450943","4,221020","191,439211"
"1173,451327","4,221563","191,439612"
"1174,451712","4,222056","191,439976"
"1175,452097","4,222504","191,440306"
"1176,452482","4,222910","191,440606"
"1177,452866","4,223279","191,440879"
"1178,453251","4,223614","191,441126"
"1179,453636","4,223919","191,441351"
"1180,454021","4,224195","191,441554"
"1181,454406","4,224445","191,441739"
"1182,454790","4,224673","191,441907"
"1183,455175","4,224879","191,442060"
"1184,455560","4,225067","191,442198"
"1185,455945","4,225237","191,442324"
"1186,456329","4,225392","191,442438"
"1187,456714","4,225532","191,442541"
"1188,457099","4,225659","191,442635"
"1189,457484","4,225775","191,442721"
"1190,457868","4,225880","191,442798"
"1191,458253","4,225976","191,442869"
"1192,458638","4,226062","191,442933"
"1193,459023","4,226141","191,442991"
"1194,459407","4,226212","191,443043"
"1195,459792","4,226277","191,443091"
"1196,460177","4,226336","191,443135"
"1197,460562","4,226389","191,443174"
"1198,460947","4,226438","191,443210"
"1199,461331","4,226482","191,443242"
"1200,461716","4,226482","191,443242"
"1201,462101","4,226521","191,443271"
"1202,462486","4,226556","191,443297"
"1203,462870","4,226585","191,443319"
"1204,463255","4,226614","191,443340"
"1205,463640","4,226639","191,443358"
"1206,464025","4,226663","191,443376"
"1207,464409","4,226683","191,443391"
"1208,464794","4,226704","191,443406"
"1209,465179","4,226722","191,443420"
"1210,465564","4,226740","191,443433"
"1211,465948","4,226756","191,443445"
"1212,466333","4,226771","191,443456"
"1213,466718","4,226784","191,443466"
"1214,467103","4,226797","191,443475"
"1215,467487","4,226808","191,443483"
"1216,467872","4,226818","191,443491"
"1217,468257","4,226828","191,443498"
"1218,468642","4,226837","191,443505"
"1219,469027","4,226845","191,443511"
"1220,469411","4,226853","191,443517"
"1221,469796","4,226860","191,443522"
"1222,470181","4,226866","191,443526"
"1223,470566","4,226872","191,443530"
"1224,470950","4,226877","191,443534"
"1225,471335","4,226881","191,443537"
"1226,471720","4,226886","191,443540"
"1227,472105","4,226890","191,443543"
"1228,472489","4,226893","191,443546"
"1229,472874","4,226896","191,443548"
"1230,473259","4,226898","191,443550"
"1231,473644","4,226900","191,443551"
"1232,474028","4,226902","191,443552"
"1233,474413","4,226904","191,443554"
"1234,474798","4,226906","191,443555"
"1235,475183","4,226907","191,443556"
"1236,475568","4,226909","191,443557"
"1237,475952","4,226910","191,443558"
"1238,476337","4,226910","191,443559"
"1239,476722","4,226911","191,443559"
"1240,477107","4,226912","191,443560"
"1241,477491","4,226913","191,443561"
"1242,477876","4,226913","191,443561"
"1243,478261","4,226914","191,443561"
"1244,478646","4,226914","191,443562"
"1245,479030","4,226915","191,443562"
"1246,479415","4,226915","191,443562"
"1247,479800","4,226915","191,443562"
"1248,480185","4,226915","191,443562"
"1249,480569","4,226916","191,443563"
"1250,480954","4,226916","191,443563"
"1251,481339","4,226916","191,443563"
"1252,481724","4,226916","191,443563"
"1253,482109","4,226916","191,443563"
"1254,482493","4,226916","191,443563"
"1255,482878","4,226916","191,443563"
"1256,483263","4,226916","191,443563"
"1257,483648","4,226916","191,443563"
"1258,484032","4,226916","191,443563"
"1259,484417","4,226916","191,443563"
"1260,484802","4,226916","191,443563"
"1261,485187","4,226916","191,443563"
"1262,485571","4,226916","191,443563"
"1263,485956","4,226916","191,443563"
"1264,486341","4,226916","191,443563"
"1265,486726","4,226916","191,443563"
"1266,487110","4,226916","191,443563"
"1267,487495","4,226916","191,443563"
"1268,487880","4,226916","191,443563"
"1269,488265","4,226916","191,443563"
"1270,488649","4,226916","191,443563"
"1271,489034","4,226916","191,443563"
"1272,489419","4,226916","191,443563"
"1273,489804","4,226916","191,443563"
"1274,490189","4,226916","191,443563"
"1275,490573","4,226916","191,443563"
"1276,490958","4,226916","191,443563"
"1277,491343","4,226916","191,443563"
"1278,491728","4,226915","191,443563"
"1279,492112","4,226915","191,443563"
"1280,492497","4,226915","191,443563"
"1281,492882","4,226915","191,443563"
"1282,493267","4,226915","191,443563"
"1283,493651","4,226915","191,443563"
"1284,494036","4,226915","191,443563"
"1285,494421","4,226915","191,443563"
"1286,494806","4,226915","191,443563"
"1287,495190","4,226915","191,443563"
"1288,495575","4,226915","191,443562"
"1289,495960","4,226915","191,443562"
"1290,496345","4,226915","191,443562"
"1291,496730","4,226915","191,443562"
"1292,497114","4,226915","191,443562"
"1293,497499","4,226915","191,443562"
"1294,497884","4,226915","191,443562"
"1295,498269","4,226915","191,443562"
"1296,498653","4,226915","191,443562"
"1297,499038","4,226915","191,443562"
"1298,499423","4,226915","191,443562"
"1299,499808","4,226915","191,443562"
"1300,500192","4,226915","191,443562"
"1301,500577","5,492155","192,370536"
"1302,500962","6,401873","193,038100"
"1303,501347","7,217015","193,634421"
"1304,501731","7,952628","194,171133"
"1305,502116","8,616810","194,654576"
"1306,502501","9,216500","195,090146"
"1307,502886","9,757945","195,482654"
"1308,503270","10,246785","195,836417"
"1309,503655","10,688124","196,155307"
"1310,504040","11,086562","196,442797"
"1311,504425","11,446262","196,702009"
"1312,504810","11,770979","196,935745"
"1313,505194","12,064109","197,146529"
"1314,505579","12,328719","197,336630"
"1315,505964","12,567578","197,508089"
"1316,506349","12,783187","197,662742"
"1317,506733","12,977807","197,802246"
"1318,507118","13,153480","197,928093"
"1319,507503","13,312051","198,041626"
"1320,507888","13,455180","198,144053"
"1321,508272","13,584369","198,236462"
"1322,508657","13,700978","198,319839"
"1323,509042","13,806231","198,395068"
"1324,509427","13,901240","198,462956"
"1325,509811","13,986999","198,524213"
"1326,510196","14,064408","198,579490"
"1327,510581","14,134274","198,629378"
"1328,510966","14,197327","198,674389"
"1329,511351","14,254230","198,714968"
"1330,511735","14,305582","198,751596"
"1331,512120","14,351933","198,784696"
"1332,512505","14,393768","198,814561"
"1333,512890","14,431531","198,841497"
"1334,513274","14,465615","198,865779"
"1335,513659","14,496378","198,887700"
"1336,514044","14,524140","198,907567"
"1337,514429","14,549194","198,925460"
"1338,514813","14,571807","198,941511"
"1339,515198","14,592217","198,956006"
"1340,515583","14,610640","198,969123"
"1341,515968","14,627268","198,981039"
"1342,516352","14,642277","198,991728"
"1343,516737","14,655822","199,001249"
"1344,517122","14,668047","199,010047"
"1345,517507","14,679080","199,017981"
"1346,517891","14,689037","199,025099"
"1347,518276","14,698024","199,031522"
"1348,518661","14,706135","199,037277"
"1349,519046","14,713453","199,042427"
"1350,519431","14,720059","199,047165"
"1351,519815","14,726021","199,051484"
"1352,520200","14,731403","199,055260"
"1353,520585","14,736261","199,058685"
"1354,520970","14,740646","199,061792"
"1355,521354","14,744603","199,064621"
"1356,521739","14,748174","199,067169"
"1357,522124","14,751396","199,069481"
"1358,522509","14,754305","199,071574"
"1359,522893","14,756930","199,073423"
"1360,523278","14,759299","199,075103"
"1361,523663","14,761438","199,076625"
"1362,524048","14,763369","199,078002"
"1363,524432","14,765112","199,079251"
"1364,524817","14,766686","199,080372"
"1365,525202","14,768106","199,081380"
"1366,525587","14,769388","199,082309"
"1367,525972","14,770545","199,083115"
"1368,526356","14,771588","199,083854"
"1369,526741","14,772532","199,084572"
"1370,527126","14,773385","199,085150"
"1371,527511","14,774157","199,085690"
"1372,527895","14,774852","199,086189"
"1373,528280","14,775479","199,086636"
"1374,528665","14,776046","199,087040"
"1375,529050","14,776554","199,087402"
"1376,529434","14,777013","199,087729"
"1377,529819","14,777424","199,088022"
"1378,530204","14,777795","199,088286"
"1379,530589","14,778129","199,088524"
"1380,530973","14,778431","199,088740"
"1381,531358","14,778702","199,088932"
"1382,531743","14,778946","199,089106"
"1383,532128","14,779167","199,089264"
"1384,532513","14,779366","199,089405"
"1385,532897","14,779544","199,089532"
"1386,533282","14,779705","199,089646"
"1387,533667","14,779851","199,089750"
"1388,534052","14,779981","199,089843"
"1389,534436","14,780099","199,089927"
"1390,534821","14,780207","199,090004"
"1391,535206","14,780305","199,090074"
"1392,535591","14,780392","199,090136"
"1393,535975","14,780472","199,090193"
"1394,536360","14,780544","199,090245"
"1395,536745","14,780609","199,090291"
"1396,537130","14,780668","199,090333"
"1397,537514","14,780722","199,090372"
"1398,537899","14,780772","199,090407"
"1399,538284","14,780817","199,090439"
"1400,538669","14,780817","199,090439"
"1401,539053","13,660587","198,295314"
"1402,539438","12,781953","197,666173"
"1403,539823","11,991307","197,098547"
"1404,540208","11,274364","196,582557"
"1405,540593","10,623737","196,113232"
"1406,540977","10,033232","195,686394"
"1407,541362","9,497277","195,298255"
"1408,541747","9,010825","194,945361"
"1409,542132","8,569296","194,624555"
"1410,542516","8,168534","194,332954"
"1411,542901","7,804778","194,067936"
"1412,543286","7,474611","193,827105"
"1413,543671","7,174928","193,608276"
"1414,544055","6,902905","193,409449"
"1415,544440","6,655986","193,228816"
"1416,544825","6,431850","193,064710"
"1417,545210","6,228400","192,915645"
"1418,545594","6,043727","192,780229"
"1419,545979","5,876096","192,657328"
"1420,546364","5,723933","192,545545"
"1421,546749","5,585811","192,444133"
"1422,547134","5,460434","192,352015"
"1423,547518","5,346626","192,268360"
"1424,547903","5,243319","192,192394"
"1425,548288","5,149544","192,123419"
"1426,548673","5,064421","192,060785"
"1427,549057","4,987153","192,003913"
"1428,549442","4,917013","191,952281"
"1429,549827","4,853345","191,905397"
"1430,550212","4,795552","191,862830"
"1431,550596","4,743090","191,824184"
"1432,550981","4,695469","191,789097"
"1433,551366","4,652241","191,757242"
"1434,551751","4,613001","191,728322"
"1435,552135","4,577381","191,702066"
"1436,552520","4,545046","191,678229"
"1437,552905","4,515695","191,656589"
"1438,553290","4,489051","191,636944"
"1439,553674","4,464866","191,619109"
"1440,554059","4,442912","191,602919"
"1441,554444","4,422984","191,588222"
"1442,554829","4,404894","191,574880"
"1443,555214","4,388475","191,562768"
"1444,555598","4,373570","191,551773"
"1445,555983","4,360040","191,541793"
"1446,556368","4,347759","191,532733"
"1447,556753","4,336611","191,524508"
"1448,557137","4,326491","191,517042"
"1449,557522","4,317305","191,510264"
"1450,557907","4,308966","191,504111"
"1451,558292","4,301397","191,498526"
"1452,558676","4,294527","191,493457"
"1453,559061","4,288290","191,488855"
"1454,559446","4,282630","191,484678"
"1455,559831","4,277491","191,480887"
"1456,560215","4,272827","191,477445"
"1457,560600","4,268593","191,474321"
"1458,560985","4,264750","191,471484"
"1459,561370","4,261260","191,468909"
"1460,561755","4,258093","191,466572"
"1461,562139","4,255217","191,464449"
"1462,562524","4,252607","191,462523"
"1463,562909","4,250237","191,460774"
"1464,563294","4,248086","191,459187"
"1465,563678","4,246133","191,457746"
"1466,564063","4,244361","191,456438"
"1467,564448","4,242752","191,455250"
"1468,564833","4,241292","191,454173"
"1469,565217","4,239966","191,453194"
"1470,565602","4,238762","191,452306"
"1471,565987","4,237670","191,451500"
"1472,566372","4,236678","191,450767"
"1473,566756","4,235777","191,450103"
"1474,567141","4,234960","191,449500"
"1475,567526","4,234218","191,448952"
"1476,567911","4,233545","191,448455"
"1477,568295","4,232933","191,448004"
"1478,568680","4,232378","191,447594"
"1479,569065","4,231874","191,447222"
"1480,569450","4,231417","191,446885"
"1481,569835","4,231002","191,446578"
"1482,570219","4,230625","191,446300"
"1483,570604","4,230283","191,446048"
"1484,570989","4,229972","191,445819"
"1485,571374","4,229690","191,445610"
"1486,571758","4,229434","191,445422"
"1487,572143","4,229202","191,445250"
"1488,572528","4,228991","191,445094"
"1489,572913","4,228800","191,444953"
"1490,573297","4,228626","191,444825"
"1491,573682","4,228468","191,444709"
"1492,574067","4,228325","191,444603"
"1493,574452","4,228195","191,444507"
"1494,574836","4,228078","191,444420"
"1495,575221","4,227971","191,444342"
"1496,575606","4,227874","191,444270"
"1497,575991","4,227787","191,444206"
"1498,576376","4,227707","191,444147"
"1499,576760","4,227634","191,444093"
"1500,577145","4,227634","191,444093"
"1501,577530","4,227569","191,444045"
"1502,577915","4,227511","191,444002"
"1503,578299","4,227459","191,443964"
"1504,578684","4,227411","191,443928"
"1505,579069","4,227366","191,443895"
"1506,579454","4,227325","191,443865"
"1507,579838","4,227287","191,443837"
"1508,580223","4,227252","191,443811"
"1509,580608","4,227220","191,443788"
"1510,580993","4,227191","191,443766"
"1511,581377","4,227165","191,443747"
"1512,581762","4,227141","191,443729"
"1513,582147","4,227119","191,443713"
"1514,582532","4,227099","191,443698"
"1515,582917","4,227081","191,443685"
"1516,583301","4,227065","191,443673"
"1517,583686","4,227050","191,443662"
"1518,584071","4,227037","191,443652"
"1519,584456","4,227025","191,443643"
"1520,584840","4,227014","191,443635"
"1521,585225","4,227004","191,443628"
"1522,585610","4,226995","191,443621"
"1523,585995","4,226987","191,443616"
"1524,586379","4,226980","191,443610"
"1525,586764","4,226974","191,443606"
"1526,587149","4,226968","191,443602"
"1527,587534","4,226963","191,443598"
"1528,587918","4,226959","191,443594"
"1529,588303","4,226955","191,443592"
"1530,588688","4,226951","191,443589"
"1531,589073","4,226948","191,443586"
"1532,589457","4,226945","191,443584"
"1533,589842","4,226942","191,443582"
"1534,590227","4,226940","191,443581"
"1535,590612","4,226938","191,443579"
"1536,590997","4,226936","191,443578"
"1537,591381","4,226935","191,443577"
"1538,591766","4,226933","191,443576"
"1539,592151","4,226932","191,443575"
"1540,592536","4,226931","191,443574"
"1541,592920","4,226930","191,443573"
"1542,593305","4,226929","191,443572"
"1543,593690","4,226927","191,443571"
"1544,594075","4,226926","191,443571"
"1545,594459","4,226925","191,443570"
"1546,594844","4,226924","191,443569"
"1547,595229","4,226924","191,443569"
"1548,595614","4,226923","191,443568"
"1549,595998","4,226922","191,443567"
"1550,596383","4,226922","191,443567"
"1551,596768","4,226921","191,443567"
"1552,597153","4,226921","191,443567"
"1553,597538","4,226921","191,443566"
"1554,597922","4,226920","191,443566"
"1555,598307","4,226920","191,443566"
"1556,598692","4,226920","191,443566"
"1557,599077","4,226919","191,443565"
"1558,599461","4,226919","191,443565"
"1559,599846","4,226919","191,443565"
"1560,600231","4,226919","191,443565"
"1561,600616","4,226919","191,443565"
"1562,601000","4,226918","191,443565"
"1563,601385","4,226918","191,443565"
"1564,601770","4,226918","191,443564"
"1565,602155","4,226918","191,443564"
"1566,602539","4,226918","191,443564"
"1567,602924","4,226918","191,443564"
"1568,603309","4,226918","191,443564"
"1569,603694","4,226917","191,443564"
"1570,604078","4,226917","191,443564"
"1571,604463","4,226917","191,443564"
"1572,604848","4,226917","191,443564"
"1573,605233","4,226917","191,443564"
"1574,605618","4,226917","191,443563"
"1575,606002","4,226917","191,443563"
"1576,606387","4,226917","191,443563"
"1577,606772","4,226917","191,443563"
"1578,607157","4,226917","191,443563"
"1579,607541","4,226917","191,443563"
"1580,607926","4,226917","191,443563"
"1581,608311","4,226917","191,443563"
"1582,608696","4,226916","191,443563"
"1583,609080","4,226916","191,443563"
"1584,609465","4,226916","191,443563"
"1585,609850","4,226916","191,443563"
"1586,610235","4,226916","191,443563"
"1587,610619","4,226916","191,443563"
"1588,611004","4,226916","191,443563"
"1589,611389","4,226916","191,443563"
"1590,611774","4,226916","191,443563"
"1591,612159","4,226916","191,443563"
"1592,612543","4,226916","191,443563"
"1593,612928","4,226916","191,443563"
"1594,613313","4,226916","191,443563"
"1595,613698","4,226916","191,443563"
"1596,614082","4,226916","191,443563"
"1597,614467","4,226916","191,443563"
"1598,614852","4,226916","191,443563"
"1599,615237","4,226916","191,443563"
"1600,615621","4,226916","191,443563"
"1601,616006","3,705507","191,061095"
"1602,616391","3,171148","190,665626"
"1603,616776","2,687265","190,306869"
"1604,617160","2,249214","189,981565"
"1605,617545","1,852658","189,686639"
"1606,617930","1,493660","189,419288"
"1607,618315","1,168660","189,176961"
"1608,618699","0,874433","188,957336"
"1609,619084","0,608064","188,758307"
"1610,619469","0,366913","188,577956"
"1611,619854","0,148589","188,414542"
"1612,620239","-0,049069","188,266486"
"1613,620623","-0,228019","188,132352"
"1614,621008","-0,390032","188,010838"
"1615,621393","-0,536713","187,900764"
"1616,621778","-0,669512","187,801055"
"1617,622162","-0,789745","187,710741"
"1618,622547","-0,898600","187,628940"
"1619,622932","-0,997154","187,554851"
"1620,623317","-1,086383","187,487749"
"1621,623701","-1,167169","187,426978"
"1622,624086","-1,240311","187,371942"
"1623,624471","-1,306533","187,322101"
"1624,624856","-1,366489","187,276964"
"1625,625240","-1,420773","187,236090"
"1626,625625","-1,469920","187,199077"
"1627,626010","-1,514418","187,165558"
"1628,626395","-1,554706","187,135207"
"1629,626780","-1,591182","187,107726"
"1630,627164","-1,624207","187,082835"
"1631,627549","-1,654108","187,060303"
"1632,627934","-1,681180","187,039901"
"1633,628319","-1,705691","187,021415"
"1634,628703","-1,727883","187,004695"
"1635,629088","-1,747975","186,989555"
"1636,629473","-1,766167","186,975807"
"1637,629858","-1,782638","186,963418"
"1638,630242","-1,797550","186,952164"
"1639,630627","-1,811052","186,941959"
"1640,631012","-1,823277","186,932778"
"1641,631397","-1,834345","186,924413"
"1642,631781","-1,844366","186,916846"
"1643,632166","-1,853439","186,910045"
"1644,632551","-1,861654","186,903795"
"1645,632936","-1,869091","186,898209"
"1646,633321","-1,875825","186,893126"
"1647,633705","-1,881922","186,888484"
"1648,634090","-1,887442","186,884411"
"1649,634475","-1,892440","186,880571"
"1650,634860","-1,896965","186,877159"
"1651,635244","-1,901062","186,874130"
"1652,635629","-1,904771","186,871240"
"1653,636014","-1,908129","186,868791"
"1654,636399","-1,911170","186,866505"
"1655,636783","-1,913923","186,864308"
"1656,637168","-1,916416","186,862589"
"1657,637553","-1,918673","186,860781"
"1658,637938","-1,920716","186,859247"
"1659,638322","-1,922566","186,857885"
"1660,638707","-1,924240","186,856595"
"1661,639092","-1,925757","186,855467"
"1662,639477","-1,927129","186,854432"
"1663,639861","-1,928371","186,853489"
"1664,640246","-1,929496","186,852641"
"1665,640631","-1,930514","186,851873"
"1666,641016","-1,931436","186,851178"
"1667,641401","-1,932271","186,850548"
"1668,641785","-1,933027","186,849977"
"1669,642170","-1,933712","186,849460"
"1670,642555","-1,934333","186,848992"
"1671,642940","-1,934895","186,848568"
"1672,643324","-1,935404","186,848184"
"1673,643709","-1,935865","186,847836"
"1674,644094","-1,936283","186,847521"
"1675,644479","-1,936661","186,847235"
"1676,644863","-1,937004","186,846977"
"1677,645248","-1,937314","186,846743"
"1678,645633","-1,937595","186,846531"
"1679,646018","-1,937849","186,846340"
"1680,646402","-1,938079","186,846166"
"1681,646787","-1,938287","186,846009"
"1682,647172","-1,938475","186,845867"
"1683,647557","-1,938646","186,845738"
"1684,647942","-1,938800","186,845622"
"1685,648326","-1,938940","186,845517"
"1686,648711","-1,939066","186,845421"
"1687,649096","-1,939180","186,845335"
"1688,649481","-1,939284","186,845257"
"1689,649865","-1,939378","186,845186"
"1690,650250","-1,939463","186,845122"
"1691,650635","-1,939539","186,845064"
"1692,651020","-1,939609","186,845012"
"1693,651404","-1,939672","186,844964"
"1694,651789","-1,939729","186,844921"
"1695,652174","-1,939780","186,844883"
"1696,652559","-1,939826","186,844848"
"1697,652943","-1,939868","186,844816"
"1698,653328","-1,939906","186,844787"
"1699,653713","-1,939941","186,844761"
"1700,654098","-1,939941","186,844761"
"1701,654482","-1,451500","187,210209"
"1702,654867","-0,928263","187,603898"
"1703,655252","-0,452811","187,960992"
"1704,655637","-0,021171","188,284651"
"1705,656022","0,370663","188,578026"
"1706,656406","0,726359","188,843986"
"1707,656791","1,049249","189,085124"
"1708,657176","1,342359","189,303781"
"1709,657561","1,608434","189,502073"
"1710,657945","1,849969","189,681913"
"1711,658330","2,069226","189,845033"
"1712,658715","2,268260","189,992997"
"1713,659100","2,448936","190,127223"
"1714,659484","2,612946","190,248995"
"1715,659869","2,761829","190,359473"
"1716,660254","2,896979","190,459711"
"1717,660639","3,019662","190,550661"
"1718,661023","3,131029","190,633188"
"1719,661408","3,232123","190,708075"
"1720,661793","3,323892","190,776031"
"1721,662178","3,407196","190,837699"
"1722,662563","3,482815","190,893663"
"1723,662947","3,551458","190,944451"
"1724,663332","3,613768","190,990543"
"1725,663717","3,670330","191,032374"
"1726,664102","3,721674","191,070339"
"1727,664486","3,768282","191,104796"
"1728,664871","3,810589","191,136069"
"1729,665256","3,848995","191,164453"
"1730,665641","3,883857","191,190216"
"1731,666025","3,915504","191,213599"
"1732,666410","3,944231","191,234824"
"1733,666795","3,970308","191,254088"
"1734,667180","3,993980","191,271574"
"1735,667564","4,015468","191,287446"
"1736,667949","4,034974","191,301852"
"1737,668334","4,052680","191,314928"
"1738,668719","4,068753","191,326798"
"1739,669104","4,083343","191,337572"
"1740,669488","4,096588","191,347352"
"1741,669873","4,108610","191,356229"
"1742,670258","4,119524","191,364287"
"1743,670643","4,129431","191,371602"
"1744,671027","4,138424","191,378241"
"1745,671412","4,146587","191,384268"
"1746,671797","4,153997","191,389738"
"1747,672182","4,160724","191,394704"
"1748,672566","4,166830","191,399212"
"1749,672951","4,172373","191,403303"
"1750,673336","4,177404","191,407018"
"1751,673721","4,181972","191,410389"
"1752,674105","4,186118","191,413450"
"1753,674490","4,189881","191,416228"
"1754,674875","4,193298","191,418749"
"1755,675260","4,196399","191,421039"
"1756,675644","4,199214","191,423117"
"1757,676029","4,201770","191,425003"
"1758,676414","4,204089","191,426715"
"1759,676799","4,206195","191,428269"
"1760,677184","4,208106","191,429680"
"1761,677568","4,209841","191,430960"
"1762,677953","4,211415","191,432122"
"1763,678338","4,212844","191,433177"
"1764,678723","4,214141","191,434134"
"1765,679107","4,215318","191,435003"
"1766,679492","4,216387","191,435792"
"1767,679877","4,217357","191,436508"
"1768,680262","4,218237","191,437157"
"1769,680646","4,219037","191,437748"
"1770,681031","4,219762","191,438283"
"1771,681416","4,220421","191,438769"
"1772,681801","4,221020","191,439211"
"1773,682185","4,221563","191,439612"
"1774,682570","4,222056","191,439976"
"1775,682955","4,222504","191,440306"
"1776,683340","4,222910","191,440606"
"1777,683725","4,223279","191,440879"
"1778,684109","4,223614","191,441126"
"1779,684494","4,223919","191,441351"
"1780,684879","4,224195","191,441554"
"1781,685264","4,224445","191,441739"
"1782,685648","4,224673","191,441907"
"1783,686033","4,224879","191,442060"
"1784,686418","4,225067","191,442198"
"1785,686803","4,225237","191,442324"
"1786,687187","4,225392","191,442438"
"1787,687572","4,225532","191,442541"
"1788,687957","4,225659","191,442635"
"1789,688342","4,225775","191,442721"
"1790,688726","4,225880","191,442798"
"1791,689111","4,225976","191,442869"
"1792,689496","4,226062","191,442933"
"1793,689881","4,226141","191,442991"
"1794,690265","4,226212","191,443043"
"1795,690650","4,226277","191,443091"
"1796,691035","4,226336","191,443135"
"1797,691420","4,226389","191,443174"
"1798,691805","4,226438","191,443210"
"1799,692189","4,226482","191,443242"
"1800,692574","4,226482","191,443242"
"1801,692959","4,226521","191,443271"
"1802,693344","4,226556","191,443297"
"1803,693728","4,226585","191,443319"
"1804,694113","4,226614","191,443340"
"1805,694498","4,226639","191,443358"
"1806,694883","4,226663","191,443376"
"1807,695267","4,226683","191,443391"
"1808,695652","4,226704","191,443406"
"1809,696037","4,226722","191,443420"
"1810,696422","4,226740","191,443433"
"1811,696806","4,226756","191,443445"
"1812,697191","4,226771","191,443456"
"1813,697576","4,226784","191,443466"
"1814,697961","4,226797","191,443475"
"1815,698346","4,226808","191,443483"
"1816,698730","4,226818","191,443491"
"1817,699115","4,226828","191,443498"
"1818,699500","4,226837","191,443505"
"1819,699885","4,226845","191,443511"
"1820,700269","4,226853","191,443517"
"1821,700654","4,226860","191,443522"
"1822,701039","4,226866","191,443526"
"1823,701424","4,226872","191,443530"
"1824,701808","4,226877","191,443534"
"1825,702193","4,226881","191,443537"
"1826,702578","4,226886","191,443540"
"1827,702963","4,226890","191,443543"
"1828,703347","4,226893","191,443546"
"1829,703732","4,226896","191,443548"
"1830,704117","4,226898","191,443550"
"1831,704502","4,226900","191,443551"
"1832,704886","4,226902","191,443552"
"1833,705271","4,226904","191,443554"
"1834,705656","4,226906","191,443555"
"1835,706041","4,226907","191,443556"
"1836,706426","4,226909","191,443557"
"1837,706810","4,226910","191,443558"
"1838,707195","4,226910","191,443559"
"1839,707580","4,226911","191,443559"
"1840,707965","4,226912","191,443560"
"1841,708349","4,226913","191,443561"
"1842,708734","4,226913","191,443561"
"1843,709119","4,226914","191,443561"
"1844,709504","4,226914","191,443562"
"1845,709888","4,226915","191,443562"
"1846,710273","4,226915","191,443562"
"1847,710658","4,226915","191,443562"
"1848,711043","4,226915","191,443562"
"1849,711427","4,226916","191,443563"
"1850,711812","4,226916","191,443563"
"1851,712197","4,226916","191,443563"
"1852,712582","4,226916","191,443563"
"1853,712967","4,226916","191,443563"
"1854,713351","4,226916","191,443563"
"1855,713736","4,226916","191,443563"
"1856,714121","4,226916","191,443563"
"1857,714506","4,226916","191,443563"
"1858,714890","4,226916","191,443563"
"1859,715275","4,226916","191,443563"
"1860,715660","4,226916","191,443563"
"1861,716045","4,226916","191,443563"
"1862,716429","4,226916","191,443563"
"1863,716814","4,226916","191,443563"
"1864,717199","4,226916","191,443563"
"1865,717584","4,226916","191,443563"
"1866,717968","4,226916","191,443563"
"1867,718353","4,226916","191,443563"
"1868,718738","4,226916","191,443563"
"1869,719123","4,226916","191,443563"
"1870,719508","4,226916","191,443563"
"1871,719892","4,226916","191,443563"
"1872,720277","4,226916","191,443563"
"1873,720662","4,226916","191,443563"
"1874,721047","4,226916","191,443563"
"1875,721431","4,226916","191,443563"
"1876,721816","4,226916","191,443563"
"1877,722201","4,226916","191,443563"
"1878,722586","4,226915","191,443563"
"1879,722970","4,226915","191,443563"
"1880,723355","4,226915","191,443563"
"1881,723740","4,226915","191,443563"
"1882,724125","4,226915","191,443563"
"1883,724509","4,226915","191,443563"
"1884,724894","4,226915","191,443563"
"1885,725279","4,226915","191,443563"
"1886,725664","4,226915","191,443563"
"1887,726048","4,226915","191,443563"
"1888,726433","4,226915","191,443562"
"1889,726818","4,226915","191,443562"
"1890,727203","4,226915","191,443562"
"1891,727588","4,226915","191,443562"
"1892,727972","4,226915","191,443562"
"1893,728357","4,226915","191,443562"
"1894,728742","4,226915","191,443562"
"1895,729127","4,226915","191,443562"
"1896,729511","4,226915","191,443562"
"1897,729896","4,226915","191,443562"
"1898,730281","4,226915","191,443562"
"1899,730666","4,226915","191,443562"
"1900,731050","4,226915","191,443562"
"1901,731435","5,492155","192,370536"
"1902,731820","6,401873","193,038100"
"1903,732205","7,217015","193,634421"
"1904,732589","7,952628","194,171133"
"1905,732974","8,616810","194,654576"
"1906,733359","9,216500","195,090146"
"1907,733744","9,757945","195,482654"
"1908,734129","10,246785","195,836417"
"1909,734513","10,688124","196,155307"
"1910,734898","11,086562","196,442797"
"1911,735283","11,446262","196,702009"
"1912,735668","11,770979","196,935745"
"1913,736052","12,064109","197,146529"
"1914,736437","12,328719","197,336630"
"1915,736822","12,567578","197,508089"
"1916,737207","12,783187","197,662742"
"1917,737591","12,977807","197,802246"
"1918,737976","13,153480","197,928093"
"1919,738361","13,312051","198,041626"
"1920,738746","13,455180","198,144053"
"1921,739130","13,584369","198,236462"
"1922,739515","13,700978","198,319839"
"1923,739900","13,806231","198,395068"
"1924,740285","13,901240","198,462956"
"1925,740669","13,986999","198,524213"
"1926,741054","14,064408","198,579490"
"1927,741439","14,134274","198,629378"
"1928,741824","14,197327","198,674389"
"1929,742209","14,254230","198,714968"
"1930,742593","14,305582","198,751596"
"1931,742978","14,351933","198,784696"
"1932,743363","14,393768","198,814561"
"1933,743748","14,431531","198,841497"
"1934,744132","14,465615","198,865779"
"1935,744517","14,496378","198,887700"
"1936,744902","14,524140","198,907567"
"1937,745287","14,549194","198,925460"
"1938,745671","14,571807","198,941511"
"1939,746056","14,592217","198,956006"
"1940,746441","14,610640","198,969123"
"1941,746826","14,627268","198,981039"
"1942,747210","14,642277","198,991728"
"1943,747595","14,655822","199,001249"
"1944,747980","14,668047","199,010047"
"1945,748365","14,679080","199,017981"
"1946,748750","14,689037","199,025099"
"1947,749134","14,698024","199,031522"
"1948,749519","14,706135","199,037277"
"1949,749904","14,713453","199,042427"
"1950,750289","14,720059","199,047165"
"1951,750673","14,726021","199,051484"
"1952,751058","14,731403","199,055260"
"1953,751443","14,736261","199,058685"
"1954,751828","14,740646","199,061792"
"1955,752212","14,744603","199,064621"
"1956,752597","14,748174","199,067169"
"1957,752982","14,751396","199,069481"
"1958,753367","14,754305","199,071574"
"1959,753751","14,756930","199,073423"
"1960,754136","14,759299","199,075103"
"1961,754521","14,761438","199,076625"
"1962,754906","14,763369","199,078002"
"1963,755290","14,765112","199,079251"
"1964,755675","14,766686","199,080372"
"1965,756060","14,768106","199,081380"
"1966,756445","14,769388","199,082309"
"1967,756830","14,770545","199,083115"
"1968,757214","14,771588","199,083854"
"1969,757599","14,772532","199,084572"
"1970,757984","14,773385","199,085150"
"1971,758369","14,774157","199,085690"
"1972,758753","14,774852","199,086189"
"1973,759138","14,775479","199,086636"
"1974,759523","14,776046","199,087040"
"1975,759908","14,776554","199,087402"
"1976,760292","14,777013","199,087729"
"1977,760677","14,777424","199,088022"
"1978,761062","14,777795","199,088286"
"1979,761447","14,778129","199,088524"
"1980,761831","14,778431","199,088740"
"1981,762216","14,778702","199,088932"
"1982,762601","14,778946","199,089106"
"1983,762986","14,779167","199,089264"
"1984,763371","14,779366","199,089405"
"1985,763755","14,779544","199,089532"
"1986,764140","14,779705","199,089646"
"1987,764525","14,779851","199,089750"
"1988,764910","14,779981","199,089843"
"1989,765294","14,780099","199,089927"
"1990,765679","14,780207","199,090004"
"1991,766064","14,780305","199,090074"
"1992,766449","14,780392","199,090136"
"1993,766833","14,780472","199,090193"
"1994,767218","14,780544","199,090245"
"1995,767603","14,780609","199,090291"
"1996,767988","14,780668","199,090333"
"1997,768372","14,780722","199,090372"
"1998,768757","14,780772","199,090407"
"1999,769142","14,780817","199,090439"
"2000,769527","14,780817","199,090439"
"2001,769912","13,660587","198,295314"
"2002,770296","12,781953","197,666173"
"2003,770681","11,991307","197,098547"
"2004,771066","11,274364","196,582557"
"2005,771451","10,623737","196,113232"
"2006,771835","10,033232","195,686394"
"2007,772220","9,497277","195,298255"
"2008,772605","9,010825","194,945361"
"2009,772990","8,569296","194,624555"
"2010,773374","8,168534","194,332954"
"2011,773759","7,804778","194,067936"
"2012,774144","7,474611","193,827105"
"2013,774529","7,174928","193,608276"
"2014,774913","6,902905","193,409449"
"2015,775298","6,655986","193,228816"
"2016,775683","6,431850","193,064710"
"2017,776068","6,228400","192,915645"
"2018,776452","6,043727","192,780229"
"2019,776837","5,876096","192,657328"
"2020,777222","5,723933","192,545545"
"2021,777607","5,585811","192,444133"
"2022,777992","5,460434","192,352015"
"2023,778376","5,346626","192,268360"
"2024,778761","5,243319","192,192394"
"2025,779146","5,149544","192,123419"
"2026,779531","5,064421","192,060785"
"2027,779915","4,987153","192,003913"
"2028,780300","4,917013","191,952281"
"2029,780685","4,853345","191,905397"
"2030,781070","4,795552","191,862830"
"2031,781454","4,743090","191,824184"
"2032,781839","4,695469","191,789097"
"2033,782224","4,652241","191,757242"
"2034,782609","4,613001","191,728322"
"2035,782993","4,577381","191,702066"
"2036,783378","4,545046","191,678229"
"2037,783763","4,515695","191,656589"
"2038,784148","4,489051","191,636944"
"2039,784533","4,464866","191,619109"
"2040,784917","4,442912","191,602919"
"2041,785302","4,422984","191,588222"
"2042,785687","4,404894","191,574880"
"2043,786072","4,388475","191,562768"
"2044,786456","4,373570","191,551773"
"2045,786841","4,360040","191,541793"
"2046,787226","4,347759","191,532733"
"2047,787611","4,336611","191,524508"
"2048,787995","4,326491","191,517042"
"2049,788380","4,317305","191,510264"
"2050,788765","4,308966","191,504111"
"2051,789150","4,301397","191,498526"
"2052,789534","4,294527","191,493457"
"2053,789919","4,288290","191,488855"
"2054,790304","4,282630","191,484678"
"2055,790689","4,277491","191,480887"
"2056,791073","4,272827","191,477445"
"2057,791458","4,268593","191,474321"
"2058,791843","4,264750","191,471484"
"2059,792228","4,261260","191,468909"
"2060,792613","4,258093","191,466572"
"2061,792997","4,255217","191,464449"
"2062,793382","4,252607","191,462523"
"2063,793767","4,250237","191,460774"
"2064,794152","4,248086","191,459187"
"2065,794536","4,246133","191,457746"
"2066,794921","4,244361","191,456438"
"2067,795306","4,242752","191,455250"
"2068,795691","4,241292","191,454173"
"2069,796075","4,239966","191,453194"
"2070,796460","4,238762","191,452306"
"2071,796845","4,237670","191,451500"
"2072,797230","4,236678","191,450767"
"2073,797614","4,235777","191,450103"
"2074,797999","4,234960","191,449500"
"2075,798384","4,234218","191,448952"
"2076,798769","4,233545","191,448455"
"2077,799154","4,232933","191,448004"
"2078,799538","4,232378","191,447594"
"2079,799923","4,231874","191,447222"
"2080,800308","4,231417","191,446885"
"2081,800693","4,231002","191,446578"
"2082,801077","4,230625","191,446300"
"2083,801462","4,230283","191,446048"
"2084,801847","4,229972","191,445819"
"2085,802232","4,229690","191,445610"
"2086,802616","4,229434","191,445422"
"2087,803001","4,229202","191,445250"
"2088,803386","4,228991","191,445094"
"2089,803771","4,228800","191,444953"
"2090,804155","4,228626","191,444825"
"2091,804540","4,228468","191,444709"
"2092,804925","4,228325","191,444603"
"2093,805310","4,228195","191,444507"
"2094,805694","4,228078","191,444420"
"2095,806079","4,227971","191,444342"
"2096,806464","4,227874","191,444270"
"2097,806849","4,227787","191,444206"
"2098,807234","4,227707","191,444147"
"2099,807618","4,227634","191,444093"
"2100,808003","4,227634","191,444093"
"2101,808388","4,227569","191,444045"
"2102,808773","4,227511","191,444002"
"2103,809157","4,227459","191,443964"
"2104,809542","4,227411","191,443928"
"2105,809927","4,227366","191,443895"
"2106,810312","4,227325","191,443865"
"2107,810696","4,227287","191,443837"
"2108,811081","4,227252","191,443811"
"2109,811466","4,227220","191,443788"
"2110,811851","4,227191","191,443766"
"2111,812235","4,227165","191,443747"
"2112,812620","4,227141","191,443729"
"2113,813005","4,227119","191,443713"
"2114,813390","4,227099","191,443698"
"2115,813775","4,227081","191,443685"
"2116,814159","4,227065","191,443673"
"2117,814544","4,227050","191,443662"
"2118,814929","4,227037","191,443652"
"2119,815314","4,227025","191,443643"
"2120,815698","4,227014","191,443635"
"2121,816083","4,227004","191,443628"
"2122,816468","4,226995","191,443621"
"2123,816853","4,226987","191,443616"
"2124,817237","4,226980","191,443610"
"2125,817622","4,226974","191,443606"
"2126,818007","4,226968","191,443602"
"2127,818392","4,226963","191,443598"
"2128,818776","4,226959","191,443594"
"2129,819161","4,226955","191,443592"
"2130,819546","4,226951","191,443589"
"2131,819931","4,226948","191,443586"
"2132,820316","4,226945","191,443584"
"2133,820700","4,226942","191,443582"
"2134,821085","4,226940","191,443581"
"2135,821470","4,226938","191,443579"
"2136,821855","4,226936","191,443578"
"2137,822239","4,226935","191,443577"
"2138,822624","4,226933","191,443576"
"2139,823009","4,226932","191,443575"
"2140,823394","4,226931","191,443574"
"2141,823778","4,226930","191,443573"
"2142,824163","4,226929","191,443572"
"2143,824548","4,226927","191,443571"
"2144,824933","4,226926","191,443571"
"2145,825317","4,226925","191,443570"
"2146,825702","4,226924","191,443569"
"2147,826087","4,226924","191,443569"
"2148,826472","4,226923","191,443568"
"2149,826856","4,226922","191,443567"
"2150,827241","4,226922","191,443567"
"2151,827626","4,226921","191,443567"
"2152,828011","4,226921","191,443567"
"2153,828396","4,226921","191,443566"
"2154,828780","4,226920","191,443566"
"2155,829165","4,226920","191,443566"
"2156,829550","4,226920","191,443566"
"2157,829935","4,226919","191,443565"
"2158,830319","4,226919","191,443565"
"2159,830704","4,226919","191,443565"
"2160,831089","4,226919","191,443565"
"2161,831474","4,226919","191,443565"
"2162,831858","4,226918","191,443565"
"2163,832243","4,226918","191,443565"
"2164,832628","4,226918","191,443564"
"2165,833013","4,226918","191,443564"
"2166,833397","4,226918","191,443564"
"2167,833782","4,226918","191,443564"
"2168,834167","4,226918","191,443564"
"2169,834552","4,226917","191,443564"
"2170,834937","4,226917","191,443564"
"2171,835321","4,226917","191,443564"
"2172,835706","4,226917","191,443564"
"2173,836091","4,226917","191,443564"
"2174,836476","4,226917","191,443563"
"2175,836860","4,226917","191,443563"
"2176,837245","4,226917","191,443563"
"2177,837630","4,226917","191,443563"
"2178,838015","4,226917","191,443563"
"2179,838399","4,226917","191,443563"
"2180,838784","4,226917","191,443563"
"2181,839169","4,226917","191,443563"
"2182,839554","4,226916","191,443563"
"2183,839938","4,226916","191,443563"
"2184,840323","4,226916","191,443563"
"2185,840708","4,226916","191,443563"
"2186,841093","4,226916","191,443563"
"2187,841477","4,226916","191,443563"
"2188,841862","4,226916","191,443563"
"2189,842247","4,226916","191,443563"
"2190,842632","4,226916","191,443563"
"2191,843017","4,226916","191,443563"
"2192,843401","4,226916","191,443563"
"2193,843786","4,226916","191,443563"
"2194,844171","4,226916","191,443563"
"2195,844556","4,226916","191,443563"
"2196,844940","4,226916","191,443563"
"2197,845325","4,226916","191,443563"
"2198,845710","4,226916","191,443563"
"2199,846095","4,226916","191,443563"
"2200,846479","4,226916","191,443563"
"2201,846864","3,705507","191,061095"
"2202,847249","3,171147","190,665625"
"2203,847634","2,687264","190,306869"
"2204,848018","2,249214","189,981564"
"2205,848403","1,852657","189,686639"
"2206,848788","1,493660","189,419288"
"2207,849173","1,168659","189,176960"
"2208,849558","0,874432","188,957336"
"2209,849942","0,608063","188,758306"
"2210,850327","0,366911","188,577955"
"2211,850712","0,148587","188,414541"
"2212,851097","-0,049071","188,266484"
"2213,851481","-0,228021","188,132351"
"2214,851866","-0,390035","188,010837"
"2215,852251","-0,536715","187,900762"
"2216,852636","-0,669514","187,801054"
"2217,853020","-0,789746","187,710740"
"2218,853405","-0,898601","187,628939"
"2219,853790","-0,997156","187,554850"
"2220,854175","-1,086384","187,487748"
"2221,854559","-1,167170","187,426978"
"2222,854944","-1,240313","187,371941"
"2223,855329","-1,306534","187,322099"
"2224,855714","-1,366490","187,276966"
"2225,856098","-1,420774","187,236088"
"2226,856483","-1,469921","187,199074"
"2227,856868","-1,514419","187,165566"
"2228,857253","-1,554707","187,135194"
"2229,857638","-1,591182","187,107725"
"2230,858022","-1,624210","187,082844"
"2231,858407","-1,654112","187,060217"
"2232,858792","-1,681184","187,039997"
"2233,859177","-1,705695","187,021442"
"2234,859561","-1,727886","187,004675"
"2235,859946","-1,747978","186,989567"
"2236,860331","-1,766169","186,975761"
"2237,860716","-1,782640","186,963457"
"2238,861100","-1,797552","186,952050"
"2239,861485","-1,811054","186,942132"
"2240,861870","-1,823278","186,932672"
"2241,862255","-1,834346","186,924428"
"2242,862639","-1,844367","186,916857"
"2243,863024","-1,853440","186,910014"
"2244,863409","-1,861654","186,903818"
"2245,863794","-1,869092","186,898208"
"2246,864179","-1,875826","186,893129"
"2247,864563","-1,881923","186,888530"
"2248,864948","-1,887443","186,884366"
"2249,865333","-1,892441","186,880596"
"2250,865718","-1,896966","186,877182"
"2251,866102","-1,901063","186,874092"
"2252,866487","-1,904772","186,871293"
"2253,866872","-1,908130","186,868760"
"2254,867257","-1,911170","186,866467"
"2255,867641","-1,913923","186,864390"
"2256,868026","-1,916416","186,862510"
"2257,868411","-1,918672","186,860807"
"2258,868796","-1,920715","186,859266"
"2259,869180","-1,922565","186,857870"
"2260,869565","-1,924240","186,856607"
"2261,869950","-1,925756","186,855463"
"2262,870335","-1,927129","186,854427"
"2263,870720","-1,928373","186,853489"
"2264,871104","-1,929498","186,852640"
"2265,871489","-1,930517","186,851871"
"2266,871874","-1,931440","186,851175"
"2267,872259","-1,932275","186,850544"
"2268,872643","-1,933032","186,849974"
"2269,873028","-1,933717","186,849457"
"2270,873413","-1,934337","186,848989"
"2271,873798","-1,934898","186,848566"
"2272,874182","-1,935407","186,848182"
"2273,874567","-1,935867","186,847835"
"2274,874952","-1,936284","186,847520"
"2275,875337","-1,936661","186,847236"
"2276,875721","-1,937002","186,846978"
"2277,876106","-1,937312","186,846745"
"2278,876491","-1,937592","186,846533"
"2279,876876","-1,937845","186,846342"
"2280,877260","-1,938075","186,846169"
"2281,877645","-1,938283","186,846012"
"2282,878030","-1,938471","186,845870"
"2283,878415","-1,938641","186,845742"
"2284,878800","-1,938796","186,845625"
"2285,879184","-1,938935","186,845520"
"2286,879569","-1,939062","186,845424"
"2287,879954","-1,939176","186,845338"
"2288,880339","-1,939280","186,845260"
"2289,880723","-1,939373","186,845189"
"2290,881108","-1,939458","186,845125"
"2291,881493","-1,939535","186,845068"
"2292,881878","-1,939604","186,845015"
"2293,882262","-1,939667","186,844968"
"2294,882647","-1,939724","186,844925"
"2295,883032","-1,939775","186,844886"
"2296,883417","-1,939822","186,844851"
"2297,883801","-1,939864","186,844819"
"2298,884186","-1,939903","186,844790"
"2299,884571","-1,939937","186,844764"
"2300,884956","-1,939937","186,844764"
"2301,885341","-1,451497","187,210211"
"2302,885725","-0,928261","187,603900"
"2303,886110","-0,452809","187,960994"
"2304,886495","-0,021169","188,284652"
"2305,886880","0,370665","188,578027"
"2306,887264","0,726360","188,843988"
"2307,887649","1,049251","189,085126"
"2308,888034","1,342360","189,303782"
"2309,888419","1,608436","189,502074"
"2310,888803","1,849970","189,681914"
"2311,889188","2,069227","189,845033"
"2312,889573","2,268261","189,992998"
"2313,889958","2,448937","190,127224"
"2314,890342","2,612947","190,248995"
"2315,890727","2,761830","190,359474"
"2316,891112","2,896979","190,459712"
"2317,891497","3,019663","190,550662"
"2318,891881","3,131030","190,633189"
"2319,892266","3,232124","190,708075"
"2320,892651","3,323893","190,776031"
"2321,893036","3,407196","190,837699"
"2322,893421","3,482815","190,893663"
"2323,893805","3,551458","190,944451"
"2324,894190","3,613769","190,990543"
"2325,894575","3,670330","191,032374"
"2326,894960","3,721675","191,070339"
"2327,895344","3,768282","191,104796"
"2328,895729","3,810590","191,136069"
"2329,896114","3,848995","191,164453"
"2330,896499","3,883857","191,190216"
"2331,896883","3,915504","191,213600"
"2332,897268","3,944231","191,234824"
"2333,897653","3,970308","191,254088"
"2334,898038","3,993980","191,271574"
"2335,898422","4,015468","191,287446"
"2336,898807","4,034974","191,301852"
"2337,899192","4,052680","191,314929"
"2338,899577","4,068753","191,326798"
"2339,899962","4,083343","191,337572"
"2340,900346","4,096588","191,347352"
"2341,900731","4,108610","191,356229"
"2342,901116","4,119524","191,364287"
"2343,901501","4,129431","191,371602"
"2344,901885","4,138424","191,378241"
"2345,902270","4,146587","191,384268"
"2346,902655","4,153997","191,389738"
"2347,903040","4,160724","191,394704"
"2348,903424","4,166830","191,399212"
"2349,903809","4,172373","191,403303"
"2350,904194","4,177404","191,407018"
"2351,904579","4,181972","191,410389"
"2352,904963","4,186118","191,413450"
"2353,905348","4,189881","191,416228"
"2354,905733","4,193298","191,418749"
"2355,906118","4,196399","191,421039"
"2356,906503","4,199214","191,423117"
"2357,906887","4,201770","191,425003"
"2358,907272","4,204089","191,426715"
"2359,907657","4,206195","191,428269"
"2360,908042","4,208106","191,429680"
"2361,908426","4,209841","191,430960"
"2362,908811","4,211415","191,432122"
"2363,909196","4,212844","191,433177"
"2364,909581","4,214141","191,434134"
"2365,909965","4,215318","191,435003"
"2366,910350","4,216387","191,435792"
"2367,910735","4,217357","191,436508"
"2368,911120","4,218237","191,437157"
"2369,911504","4,219037","191,437748"
"2370,911889","4,219762","191,438283"
"2371,912274","4,220421","191,438769"
"2372,912659","4,221020","191,439211"
"2373,913043","4,221563","191,439612"
"2374,913428","4,222056","191,439976"
"2375,913813","4,222504","191,440306"
"2376,914198","4,222910","191,440606"
"2377,914583","4,223279","191,440879"
"2378,914967","4,223614","191,441126"
"2379,915352","4,223919","191,441351"
"2380,915737","4,224195","191,441554"
"2381,916122","4,224445","191,441739"
"2382,916506","4,224673","191,441907"
"2383,916891","4,224879","191,442060"
"2384,917276","4,225067","191,442198"
"2385,917661","4,225237","191,442324"
"2386,918045","4,225392","191,442438"
"2387,918430","4,225532","191,442541"
"2388,918815","4,225659","191,442635"
"2389,919200","4,225775","191,442721"
"2390,919584","4,225880","191,442798"
"2391,919969","4,225976","191,442869"
"2392,920354","4,226062","191,442933"
"2393,920739","4,226141","191,442991"
"2394,921124","4,226212","191,443043"
"2395,921508","4,226277","191,443091"
"2396,921893","4,226336","191,443135"
"2397,922278","4,226389","191,443174"
"2398,922663","4,226438","191,443210"
"2399,923047","4,226482","191,443242"
"2400,923432","4,226482","191,443242"
"2401,923817","4,226521","191,443271"
"2402,924202","4,226556","191,443297"
"2403,924586","4,226585","191,443319"
"2404,924971","4,226614","191,443340"
"2405,925356","4,226639","191,443358"
"2406,925741","4,226663","191,443376"
"2407,926125","4,226683","191,443391"
"2408,926510","4,226704","191,443406"
"2409,926895","4,226722","191,443420"
"2410,927280","4,226740","191,443433"
"2411,927664","4,226756","191,443445"
"2412,928049","4,226771","191,443456"
"2413,928434","4,226784","191,443466"
"2414,928819","4,226797","191,443475"
"2415,929204","4,226808","191,443483"
"2416,929588","4,226818","191,443491"
"2417,929973","4,226828","191,443498"
"2418,930358","4,226837","191,443505"
"2419,930743","4,226845","191,443511"
"2420,931127","4,226853","191,443517"
"2421,931512","4,226860","191,443522"
"2422,931897","4,226866","191,443526"
"2423,932282","4,226872","191,443530"
"2424,932666","4,226877","191,443534"
"2425,933051","4,226881","191,443537"
"2426,933436","4,226886","191,443540"
"2427,933821","4,226890","191,443543"
"2428,934205","4,226893","191,443546"
"2429,934590","4,226896","191,443548"
"2430,934975","4,226898","191,443550"
"2431,935360","4,226900","191,443551"
"2432,935745","4,226902","191,443552"
"2433,936129","4,226904","191,443554"
"2434,936514","4,226906","191,443555"
"2435,936899","4,226907","191,443556"
"2436,937284","4,226909","191,443557"
"2437,937668","4,226910","191,443558"
"2438,938053","4,226910","191,443559"
"2439,938438","4,226911","191,443559"
"2440,938823","4,226912","191,443560"
"2441,939207","4,226913","191,443561"
"2442,939592","4,226913","191,443561"
"2443,939977","4,226914","191,443561"
"2444,940362","4,226914","191,443562"
"2445,940746","4,226915","191,443562"
"2446,941131","4,226915","191,443562"
"2447,941516","4,226915","191,443562"
"2448,941901","4,226915","191,443562"
"2449,942285","4,226916","191,443563"
"2450,942670","4,226916","191,443563"
"2451,943055","4,226916","191,443563"
"2452,943440","4,226916","191,443563"
"2453,943825","4,226916","191,443563"
"2454,944209","4,226916","191,443563"
"2455,944594","4,226916","191,443563"
"2456,944979","4,226916","191,443563"
"2457,945364","4,226916","191,443563"
"2458,945748","4,226916","191,443563"
"2459,946133","4,226916","191,443563"
"2460,946518","4,226916","191,443563"
"2461,946903","4,226916","191,443563"
"2462,947287","4,226916","191,443563"
"2463,947672","4,226916","191,443563"
"2464,948057","4,226916","191,443563"
"2465,948442","4,226916","191,443563"
"2466,948826","4,226916","191,443563"
"2467,949211","4,226916","191,443563"
"2468,949596","4,226916","191,443563"
"2469,949981","4,226916","191,443563"
"2470,950366","4,226916","191,443563"
"2471,950750","4,226916","191,443563"
"2472,951135","4,226916","191,443563"
"2473,951520","4,226916","191,443563"
"2474,951905","4,226916","191,443563"
"2475,952289","4,226916","191,443563"
"2476,952674","4,226916","191,443563"
"2477,953059","4,226916","191,443563"
"2478,953444","4,226915","191,443563"
"2479,953828","4,226915","191,443563"
"2480,954213","4,226915","191,443563"
"2481,954598","4,226915","191,443563"
"2482,954983","4,226915","191,443563"
"2483,955367","4,226915","191,443563"
"2484,955752","4,226915","191,443563"
"2485,956137","4,226915","191,443563"
"2486,956522","4,226915","191,443563"
"2487,956907","4,226915","191,443563"
"2488,957291","4,226915","191,443562"
"2489,957676","4,226915","191,443562"
"2490,958061","4,226915","191,443562"
"2491,958446","4,226915","191,443562"
"2492,958830","4,226915","191,443562"
"2493,959215","4,226915","191,443562"
"2494,959600","4,226915","191,443562"
"2495,959985","4,226915","191,443562"
"2496,960369","4,226915","191,443562"
"2497,960754","4,226915","191,443562"
"2498,961139","4,226915","191,443562"
"2499,961524","4,226915","191,443562"
"2500,961908","4,226915","191,443562"
"2501,962293","5,492155","192,370536"
"2502,962678","6,401873","193,038100"
"2503,963063","7,217015","193,634421"
"2504,963447","7,952628","194,171133"
"2505,963832","8,616810","194,654576"
"2506,964217","9,216500","195,090146"
"2507,964602","9,757945","195,482654"
"2508,964987","10,246785","195,836417"
"2509,965371","10,688124","196,155307"
"2510,965756","11,086562","196,442797"
"2511,966141","11,446262","196,702009"
"2512,966526","11,770979","196,935745"
"2513,966910","12,064109","197,146529"
"2514,967295","12,328719","197,336630"
"2515,967680","12,567578","197,508089"
"2516,968065","12,783187","197,662742"
"2517,968449","12,977807","197,802246"
"2518,968834","13,153480","197,928093"
"2519,969219","13,312051","198,041626"
"2520,969604","13,455180","198,144053"
"2521,969988","13,584369","198,236462"
"2522,970373","13,700978","198,319839"
"2523,970758","13,806231","198,395068"
"2524,971143","13,901240","198,462956"
"2525,971528","13,986999","198,524213"
"2526,971912","14,064408","198,579490"
"2527,972297","14,134274","198,629378"
"2528,972682","14,197327","198,674389"
"2529,973067","14,254230","198,714968"
"2530,973451","14,305582","198,751596"
"2531,973836","14,351933","198,784696"
"2532,974221","14,393768","198,814561"
"2533,974606","14,431531","198,841497"
"2534,974990","14,465615","198,865779"
"2535,975375","14,496378","198,887700"
"2536,975760","14,524140","198,907567"
"2537,976145","14,549194","198,925460"
"2538,976529","14,571807","198,941511"
"2539,976914","14,592217","198,956006"
"2540,977299","14,610640","198,969123"
"2541,977684","14,627268","198,981039"
"2542,978068","14,642277","198,991728"
"2543,978453","14,655822","199,001249"
"2544,978838","14,668047","199,010047"
"2545,979223","14,679080","199,017981"
"2546,979608","14,689037","199,025099"
"2547,979992","14,698024","199,031522"
"2548,980377","14,706135","199,037277"
"2549,980762","14,713453","199,042427"
"2550,981147","14,720059","199,047165"
"2551,981531","14,726021","199,051484"
"2552,981916","14,731403","199,055260"
"2553,982301","14,736261","199,058685"
"2554,982686","14,740646","199,061792"
"2555,983070","14,744603","199,064621"
"2556,983455","14,748174","199,067169"
"2557,983840","14,751396","199,069481"
"2558,984225","14,754305","199,071574"
"2559,984609","14,756930","199,073423"
"2560,984994","14,759299","199,075103"
"2561,985379","14,761438","199,076625"
"2562,985764","14,763369","199,078002"
"2563,986149","14,765112","199,079251"
"2564,986533","14,766686","199,080372"
"2565,986918","14,768106","199,081380"
"2566,987303","14,769388","199,082309"
"2567,987688","14,770545","199,083115"
"2568,988072","14,771588","199,083854"
"2569,988457","14,772532","199,084572"
"2570,988842","14,773385","199,085150"
"2571,989227","14,774157","199,085690"
"2572,989611","14,774852","199,086189"
"2573,989996","14,775479","199,086636"
"2574,990381","14,776046","199,087040"
"2575,990766","14,776554","199,087402"
"2576,991150","14,777013","199,087729"
"2577,991535","14,777424","199,088022"
"2578,991920","14,777795","199,088286"
"2579,992305","14,778129","199,088524"
"2580,992689","14,778431","199,088740"
"2581,993074","14,778702","199,088932"
"2582,993459","14,778946","199,089106"
"2583,993844","14,779167","199,089264"
"2584,994229","14,779366","199,089405"
"2585,994613","14,779544","199,089532"
"2586,994998","14,779705","199,089646"
"2587,995383","14,779851","199,089750"
"2588,995768","14,779981","199,089843"
"2589,996152","14,780099","199,089927"
"2590,996537","14,780207","199,090004"
"2591,996922","14,780305","199,090074"
"2592,997307","14,780392","199,090136"
"2593,997691","14,780472","199,090193"
"2594,998076","14,780544","199,090245"
"2595,998461","14,780609","199,090291"
"2596,998846","14,780668","199,090333"
"2597,999230","14,780722","199,090372"
"2598,999615","14,780772","199,090407"
"2600,000000","14,780817","199,090439"
